BEGIN;
------------------------------------------------
-- Reporters
------------------------------------------------
INSERT INTO reporter (id)
VALUES ('686fce27-64a1-4e3b-a471-b00920717bb1'),
    ('766a99f7-7af1-4613-82a4-c303b2e9ee03'),
    ('f5aea0e8-5dbf-442d-8c91-d69ec41a198d'),
    ('8c1c0a9f-9193-4a02-90ea-7c398f73a3e6'),
    ('0e745cb3-5f38-419b-b446-d204c2e15ba9');
------------------------------------------------
-- Missing person report statuses
------------------------------------------------
INSERT INTO missing_person_report_status (name)
VALUES ('PENDING'),
    ('REJECTED'),
    ('PUBLISHED') ON CONFLICT (name) DO NOTHING;
INSERT INTO missing_person_report_status_translation (status_name, language_code, value)
VALUES ('PENDING', 'en', 'Pending'),
    ('PENDING', 'vi', 'Đang chờ'),
    ('REJECTED', 'en', 'Rejected'),
    ('REJECTED', 'vi', 'Từ chối'),
    ('PUBLISHED', 'en', 'Published'),
    ('PUBLISHED', 'vi', 'Đã xuất bản') ON CONFLICT (status_name, language_code) DO NOTHING;
------------------------------------------------
-- Missing person reports
------------------------------------------------
INSERT INTO missing_person_report (
        id,
        title,
        full_name,
        personal_id,
        photo,
        contact_email,
        contact_phone,
        date,
        content,
        latitude,
        longitude,
        created_at,
        user_id,
        reporter_id,
        status_name
    )
VALUES (
        'f0000001-f000-4000-8000-f00000000001',
        'Missing University Student',
        'Nguyen Thi Hoa',
        'ID100001',
        'https://cdn.example.com/photos/hoa.jpg',
        'hoanguyen@gmail.com',
        '0901100001',
        '2026-03-05',
        'https://cdn.tracknest.test/documents/index.html',
        10.8800,
        106.8050,
        '2026-03-05 08:00:00+07',
        'dd382dcf-3652-499c-acdb-5d9ce99a67b8',
        '686fce27-64a1-4e3b-a471-b00920717bb1',
        'PENDING'
    ),
    (
        'f0000002-f000-4000-8000-f00000000002',
        'Missing Factory Worker',
        'Tran Van Duc',
        'ID100002',
        'https://cdn.example.com/photos/duc.jpg',
        'ducvan@gmail.com',
        '0901100002',
        '2026-03-05',
        'https://cdn.tracknest.test/documents/index.html',
        10.7500,
        106.6100,
        '2026-03-05 09:30:00+07',
        '8c52c01e-42a7-45cc-9254-db8a7601c764',
        '766a99f7-7af1-4613-82a4-c303b2e9ee03',
        'PUBLISHED'
    ),
    (
        'f0000003-f000-4000-8000-f00000000003',
        'Missing Grandmother',
        'Le Thi Mai',
        'ID100003',
        'https://cdn.example.com/photos/mai.jpg',
        'maile@gmail.com',
        '0901100003',
        '2026-03-06',
        'https://cdn.tracknest.test/documents/index.html',
        10.8380,
        106.6650,
        '2026-03-06 07:45:00+07',
        '4405a37d-bc86-403e-b605-bedd7db88d37',
        'f5aea0e8-5dbf-442d-8c91-d69ec41a198d',
        'REJECTED'
    ),
    (
        'f0000004-f000-4000-8000-f00000000004',
        'Missing High School Boy',
        'Pham Van Khoa',
        'ID100004',
        'https://cdn.example.com/photos/khoa.jpg',
        'khoapham@gmail.com',
        '0901100004',
        '2026-03-06',
        'https://cdn.tracknest.test/documents/index.html',
        10.7550,
        106.6680,
        '2026-03-06 11:00:00+07',
        '2878c6d3-cb3c-493c-9c6c-7a4094a6a7a5',
        'f5aea0e8-5dbf-442d-8c91-d69ec41a198d',
        'PUBLISHED'
    ),
    (
        'f0000005-f000-4000-8000-f00000000005',
        'Missing Market Vendor',
        'Vo Thi Lan',
        'ID100005',
        'https://cdn.example.com/photos/lan.jpg',
        'lanvo@gmail.com',
        '0901100005',
        '2026-03-07',
        'https://cdn.tracknest.test/documents/index.html',
        10.8000,
        106.6450,
        '2026-03-07 08:20:00+07',
        'f8f735b4-549c-4d8c-9e10-15f8c198b71b',
        '8c1c0a9f-9193-4a02-90ea-7c398f73a3e6',
        'PENDING'
    ),
    (
        'f0000006-f000-4000-8000-f00000000006',
        'Missing Taxi Driver',
        'Bui Van Minh',
        'ID100006',
        NULL,
        'minhbui@gmail.com',
        '0901100006',
        '2026-03-07',
        'https://cdn.tracknest.test/documents/index.html',
        10.6900,
        106.7300,
        '2026-03-07 13:00:00+07',
        'dd382dcf-3652-499c-acdb-5d9ce99a67b8',
        '8c1c0a9f-9193-4a02-90ea-7c398f73a3e6',
        'PUBLISHED'
    ),
    (
        'f0000007-f000-4000-8000-f00000000007',
        'Missing Elderly Woman',
        'Dang Thi Thu',
        'ID100007',
        'https://cdn.example.com/photos/thu.jpg',
        'thudang@gmail.com',
        '0901100007',
        '2026-03-08',
        'https://cdn.tracknest.test/documents/index.html',
        10.8150,
        106.7100,
        '2026-03-08 06:30:00+07',
        '8c52c01e-42a7-45cc-9254-db8a7601c764',
        '0e745cb3-5f38-419b-b446-d204c2e15ba9',
        'PENDING'
    ),
    (
        'f0000008-f000-4000-8000-f00000000008',
        'Missing Street Vendor',
        'Do Van Hung',
        'ID100008',
        'https://cdn.example.com/photos/hung.jpg',
        'hungdo@gmail.com',
        '0901100008',
        '2026-03-08',
        'https://cdn.tracknest.test/documents/index.html',
        10.7730,
        106.7020,
        '2026-03-08 10:15:00+07',
        '4405a37d-bc86-403e-b605-bedd7db88d37',
        '0e745cb3-5f38-419b-b446-d204c2e15ba9',
        'REJECTED'
    ),
    (
        'f0000009-f000-4000-8000-f00000000009',
        'Missing Foreign Tourist',
        'Sarah Johnson',
        'ID100009',
        'https://cdn.example.com/photos/sarah.jpg',
        'sarah.j@email.com',
        '0901100009',
        '2026-03-09',
        'https://cdn.tracknest.test/documents/index.html',
        10.7676,
        106.6942,
        '2026-03-09 14:00:00+07',
        '2878c6d3-cb3c-493c-9c6c-7a4094a6a7a5',
        '686fce27-64a1-4e3b-a471-b00920717bb1',
        'PUBLISHED'
    ),
    (
        'f000000a-f000-4000-8000-f0000000000a',
        'Missing Delivery Man',
        'Ngo Van Tuan',
        'ID100010',
        'https://cdn.example.com/photos/tuan.jpg',
        'tuanngo@gmail.com',
        '0901100010',
        '2026-03-09',
        'https://cdn.tracknest.test/documents/index.html',
        10.8530,
        106.7150,
        '2026-03-09 16:45:00+07',
        'f8f735b4-549c-4d8c-9e10-15f8c198b71b',
        '686fce27-64a1-4e3b-a471-b00920717bb1',
        'PENDING'
    ),
    (
        'f000000b-f000-4000-8000-f0000000000b',
        'Missing Teacher',
        'Hoang Thi Yen',
        'ID100011',
        'https://cdn.example.com/photos/yen.jpg',
        'yenhoang@gmail.com',
        '0901100011',
        '2026-03-10',
        'https://cdn.tracknest.test/documents/index.html',
        10.7850,
        106.6900,
        '2026-03-10 09:00:00+07',
        'dd382dcf-3652-499c-acdb-5d9ce99a67b8',
        '766a99f7-7af1-4613-82a4-c303b2e9ee03',
        'PUBLISHED'
    ),
    (
        'f000000c-f000-4000-8000-f0000000000c',
        'Missing Construction Worker',
        'Nguyen Van Son',
        'ID100012',
        NULL,
        'sonnguyen@gmail.com',
        '0901100012',
        '2026-03-10',
        'https://cdn.tracknest.test/documents/index.html',
        10.8780,
        106.7980,
        '2026-03-10 11:30:00+07',
        '8c52c01e-42a7-45cc-9254-db8a7601c764',
        '766a99f7-7af1-4613-82a4-c303b2e9ee03',
        'PENDING'
    ),
    (
        'f000000d-f000-4000-8000-f0000000000d',
        'Missing Nurse',
        'Tran Thi Bich',
        'ID100013',
        'https://cdn.example.com/photos/bich.jpg',
        'bichtran@gmail.com',
        '0901100013',
        '2026-03-11',
        'https://cdn.tracknest.test/documents/index.html',
        10.7990,
        106.6800,
        '2026-03-11 07:00:00+07',
        '4405a37d-bc86-403e-b605-bedd7db88d37',
        'f5aea0e8-5dbf-442d-8c91-d69ec41a198d',
        'REJECTED'
    ),
    (
        'f000000e-f000-4000-8000-f0000000000e',
        'Missing Shopkeeper',
        'Le Van Thanh',
        'ID100014',
        'https://cdn.example.com/photos/thanh.jpg',
        'thanhole@gmail.com',
        '0901100014',
        '2026-03-11',
        'https://cdn.tracknest.test/documents/index.html',
        10.7720,
        106.6680,
        '2026-03-11 14:20:00+07',
        '2878c6d3-cb3c-493c-9c6c-7a4094a6a7a5',
        'f5aea0e8-5dbf-442d-8c91-d69ec41a198d',
        'PUBLISHED'
    ),
    (
        'f000000f-f000-4000-8000-f0000000000f',
        'Missing Fisherman',
        'Pham Van Long',
        'ID100015',
        'https://cdn.example.com/photos/long.jpg',
        'longpham@gmail.com',
        '0901100015',
        '2026-03-12',
        'https://cdn.tracknest.test/documents/index.html',
        10.4100,
        106.9600,
        '2026-03-12 05:30:00+07',
        'f8f735b4-549c-4d8c-9e10-15f8c198b71b',
        '8c1c0a9f-9193-4a02-90ea-7c398f73a3e6',
        'PENDING'
    ),
    (
        'f0000010-f000-4000-8000-f00000000010',
        'Missing Mechanic',
        'Vo Van Khanh',
        'ID100016',
        'https://cdn.example.com/photos/khanh.jpg',
        'khanhvo@gmail.com',
        '0901100016',
        '2026-03-12',
        'https://cdn.tracknest.test/documents/index.html',
        10.8150,
        106.7100,
        '2026-03-12 12:00:00+07',
        'dd382dcf-3652-499c-acdb-5d9ce99a67b8',
        '8c1c0a9f-9193-4a02-90ea-7c398f73a3e6',
        'PUBLISHED'
    ),
    (
        'f0000011-f000-4000-8000-f00000000011',
        'Missing Cleaner',
        'Bui Thi Hien',
        'ID100017',
        NULL,
        'hienbui@gmail.com',
        '0901100017',
        '2026-03-13',
        'https://cdn.tracknest.test/documents/index.html',
        10.7750,
        106.7030,
        '2026-03-13 08:45:00+07',
        '8c52c01e-42a7-45cc-9254-db8a7601c764',
        '0e745cb3-5f38-419b-b446-d204c2e15ba9',
        'PENDING'
    ),
    (
        'f0000012-f000-4000-8000-f00000000012',
        'Missing Journalist',
        'Dang Van Quoc',
        'ID100018',
        'https://cdn.example.com/photos/quoc.jpg',
        'quocdang@gmail.com',
        '0901100018',
        '2026-03-13',
        'https://cdn.tracknest.test/documents/index.html',
        11.0500,
        106.6500,
        '2026-03-13 10:30:00+07',
        '4405a37d-bc86-403e-b605-bedd7db88d37',
        '0e745cb3-5f38-419b-b446-d204c2e15ba9',
        'REJECTED'
    ),
    (
        'f0000013-f000-4000-8000-f00000000013',
        'Missing Pharmacist',
        'Do Thi Ngoc',
        'ID100019',
        'https://cdn.example.com/photos/ngoc.jpg',
        'ngocdo@gmail.com',
        '0901100019',
        '2026-03-14',
        'https://cdn.tracknest.test/documents/index.html',
        10.7550,
        106.6680,
        '2026-03-14 09:15:00+07',
        '2878c6d3-cb3c-493c-9c6c-7a4094a6a7a5',
        '686fce27-64a1-4e3b-a471-b00920717bb1',
        'PUBLISHED'
    ),
    (
        'f0000014-f000-4000-8000-f00000000014',
        'Missing Retired Officer',
        'Ngo Van Binh',
        'ID100020',
        'https://cdn.example.com/photos/binh.jpg',
        'binhngo@gmail.com',
        '0901100020',
        '2026-03-14',
        'https://cdn.tracknest.test/documents/index.html',
        10.8780,
        106.8020,
        '2026-03-14 15:00:00+07',
        'f8f735b4-549c-4d8c-9e10-15f8c198b71b',
        '686fce27-64a1-4e3b-a471-b00920717bb1',
        'PENDING'
    );
------------------------------------------------
-- Guidelines documents
------------------------------------------------
INSERT INTO guidelines_document (
        id,
        title,
        abstract,
        content,
        created_at,
        reporter_id,
        public
    )
VALUES (
        'f1000001-f100-4000-8000-f10000000001',
        'Child Safety Guidelines',
        'Steps for protecting children from abduction.',
        'https://cdn.tracknest.test/documents/index.html',
        '2026-03-01 08:00:00+07',
        '686fce27-64a1-4e3b-a471-b00920717bb1',
        TRUE
    ),
    (
        'f1000002-f100-4000-8000-f10000000002',
        'Elder Care Safety Protocol',
        'Procedures for tracking and protecting elderly citizens.',
        'https://cdn.tracknest.test/documents/index.html',
        '2026-03-01 09:00:00+07',
        '686fce27-64a1-4e3b-a471-b00920717bb1',
        FALSE
    ),
    (
        'f1000003-f100-4000-8000-f10000000003',
        'Tourist Safety Manual',
        'Guidance for tourists to stay safe in the city.',
        'https://cdn.tracknest.test/documents/index.html',
        '2026-03-02 08:00:00+07',
        '766a99f7-7af1-4613-82a4-c303b2e9ee03',
        TRUE
    ),
    (
        'f1000004-f100-4000-8000-f10000000004',
        'Night Safety Tips',
        'Recommendations for staying safe at night.',
        'https://cdn.tracknest.test/documents/index.html',
        '2026-03-02 10:00:00+07',
        '766a99f7-7af1-4613-82a4-c303b2e9ee03',
        TRUE
    ),
    (
        'f1000005-f100-4000-8000-f10000000005',
        'Vehicle Theft Prevention',
        'Tips to prevent theft of motorbikes and cars.',
        'https://cdn.tracknest.test/documents/index.html',
        '2026-03-03 08:00:00+07',
        'f5aea0e8-5dbf-442d-8c91-d69ec41a198d',
        TRUE
    ),
    (
        'f1000006-f100-4000-8000-f10000000006',
        'Digital Safety Guide',
        'How to stay safe online and avoid scams.',
        'https://cdn.tracknest.test/documents/index.html',
        '2026-03-03 11:00:00+07',
        'f5aea0e8-5dbf-442d-8c91-d69ec41a198d',
        FALSE
    ),
    (
        'f1000007-f100-4000-8000-f10000000007',
        'Public Transport Safety',
        'Safety tips when using buses and trains.',
        'https://cdn.tracknest.test/documents/index.html',
        '2026-03-04 08:00:00+07',
        '8c1c0a9f-9193-4a02-90ea-7c398f73a3e6',
        TRUE
    ),
    (
        'f1000008-f100-4000-8000-f10000000008',
        'Market Area Crime Watch',
        'Guidance for vendors and shoppers in market areas.',
        'https://cdn.tracknest.test/documents/index.html',
        '2026-03-04 09:30:00+07',
        '8c1c0a9f-9193-4a02-90ea-7c398f73a3e6',
        TRUE
    ),
    (
        'f1000009-f100-4000-8000-f10000000009',
        'School Zone Safety',
        'Rules and guidelines for school zone security.',
        'https://cdn.tracknest.test/documents/index.html',
        '2026-03-05 08:00:00+07',
        '0e745cb3-5f38-419b-b446-d204c2e15ba9',
        TRUE
    ),
    (
        'f100000a-f100-4000-8000-f1000000000a',
        'Domestic Violence Response',
        'Internal procedures for handling domestic violence reports.',
        'https://cdn.tracknest.test/documents/index.html',
        '2026-03-05 14:00:00+07',
        '0e745cb3-5f38-419b-b446-d204c2e15ba9',
        FALSE
    ),
    (
        'f100000b-f100-4000-8000-f1000000000b',
        'Fire Safety and Emergency Evacuation',
        'Evacuation procedures for buildings and public spaces.',
        'https://cdn.tracknest.test/documents/index.html',
        '2026-03-06 08:00:00+07',
        '686fce27-64a1-4e3b-a471-b00920717bb1',
        TRUE
    ),
    (
        'f100000c-f100-4000-8000-f1000000000c',
        'Flood Safety Protocol',
        'Actions to take during flooding events.',
        'https://cdn.tracknest.test/documents/index.html',
        '2026-03-06 10:00:00+07',
        '686fce27-64a1-4e3b-a471-b00920717bb1',
        TRUE
    ),
    (
        'f100000d-f100-4000-8000-f1000000000d',
        'Police Station Locations',
        'Guide to finding and contacting local police stations.',
        'https://cdn.tracknest.test/documents/index.html',
        '2026-03-07 08:00:00+07',
        '766a99f7-7af1-4613-82a4-c303b2e9ee03',
        TRUE
    ),
    (
        'f100000e-f100-4000-8000-f1000000000e',
        'Cybercrime Reporting Steps',
        'How to file a cybercrime report with authorities.',
        'https://cdn.tracknest.test/documents/index.html',
        '2026-03-07 13:00:00+07',
        '766a99f7-7af1-4613-82a4-c303b2e9ee03',
        FALSE
    ),
    (
        'f100000f-f100-4000-8000-f1000000000f',
        'Drug Trafficking Reporting',
        'Confidential reporting procedures for drug-related crimes.',
        'https://cdn.tracknest.test/documents/index.html',
        '2026-03-08 08:00:00+07',
        'f5aea0e8-5dbf-442d-8c91-d69ec41a198d',
        FALSE
    ),
    (
        'f1000010-f100-4000-8000-f10000000010',
        'Road Accident Reporting',
        'Procedures to follow after a road traffic accident.',
        'https://cdn.tracknest.test/documents/index.html',
        '2026-03-08 11:00:00+07',
        'f5aea0e8-5dbf-442d-8c91-d69ec41a198d',
        TRUE
    ),
    (
        'f1000011-f100-4000-8000-f10000000011',
        'Gang Activity Awareness',
        'How to identify and safely report gang activity.',
        'https://cdn.tracknest.test/documents/index.html',
        '2026-03-09 08:00:00+07',
        '8c1c0a9f-9193-4a02-90ea-7c398f73a3e6',
        FALSE
    ),
    (
        'f1000012-f100-4000-8000-f10000000012',
        'ATM Security Tips',
        'How to stay safe when using ATM machines.',
        'https://cdn.tracknest.test/documents/index.html',
        '2026-03-09 10:00:00+07',
        '8c1c0a9f-9193-4a02-90ea-7c398f73a3e6',
        TRUE
    ),
    (
        'f1000013-f100-4000-8000-f10000000013',
        'Witness Protection Information',
        'Rights and support available for crime witnesses.',
        'https://cdn.tracknest.test/documents/index.html',
        '2026-03-10 08:00:00+07',
        '0e745cb3-5f38-419b-b446-d204c2e15ba9',
        FALSE
    ),
    (
        'f1000014-f100-4000-8000-f10000000014',
        'Community Watch Program Guide',
        'How to set up and run a neighborhood watch program.',
        'https://cdn.tracknest.test/documents/index.html',
        '2026-03-10 14:00:00+07',
        '0e745cb3-5f38-419b-b446-d204c2e15ba9',
        TRUE
    );
------------------------------------------------
-- Crime reports
------------------------------------------------
INSERT INTO crime_report (
        id,
        title,
        content,
        date,
        severity,
        number_of_victims,
        number_of_offenders,
        arrested,
        longitude,
        latitude,
        created_at,
        updated_at,
        reporter_id,
        public
    )
VALUES (
        'f2000001-f200-4000-8000-f20000000001',
        'ATM Card Skimming',
        'https://cdn.tracknest.test/documents/index.html',
        '2026-03-05',
        2,
        3,
        1,
        FALSE,
        106.6975,
        10.7760,
        '2026-03-05 08:30:00+07',
        '2026-03-05 08:30:00+07',
        '686fce27-64a1-4e3b-a471-b00920717bb1',
        TRUE
    ),
    (
        'f2000002-f200-4000-8000-f20000000002',
        'Residential Break-In',
        'https://cdn.tracknest.test/documents/index.html',
        '2026-03-05',
        4,
        0,
        2,
        TRUE,
        106.7050,
        10.7800,
        '2026-03-05 11:00:00+07',
        '2026-03-05 11:00:00+07',
        '686fce27-64a1-4e3b-a471-b00920717bb1',
        FALSE
    ),
    (
        'f2000003-f200-4000-8000-f20000000003',
        'Drug Possession Arrest',
        'https://cdn.tracknest.test/documents/index.html',
        '2026-03-06',
        3,
        0,
        1,
        TRUE,
        106.6992,
        10.7742,
        '2026-03-06 14:20:00+07',
        '2026-03-06 14:20:00+07',
        '766a99f7-7af1-4613-82a4-c303b2e9ee03',
        TRUE
    ),
    (
        'f2000004-f200-4000-8000-f20000000004',
        'Online Scam',
        'https://cdn.tracknest.test/documents/index.html',
        '2026-03-06',
        2,
        5,
        1,
        FALSE,
        106.7018,
        10.7768,
        '2026-03-06 10:00:00+07',
        '2026-03-06 10:00:00+07',
        '766a99f7-7af1-4613-82a4-c303b2e9ee03',
        TRUE
    ),
    (
        'f2000005-f200-4000-8000-f20000000005',
        'Motorbike Street Racing',
        'https://cdn.tracknest.test/documents/index.html',
        '2026-03-07',
        1,
        0,
        4,
        TRUE,
        106.7025,
        10.7755,
        '2026-03-07 22:30:00+07',
        '2026-03-07 22:30:00+07',
        'f5aea0e8-5dbf-442d-8c91-d69ec41a198d',
        TRUE
    ),
    (
        'f2000006-f200-4000-8000-f20000000006',
        'Knife Threat at Restaurant',
        'https://cdn.tracknest.test/documents/index.html',
        '2026-03-07',
        4,
        2,
        1,
        TRUE,
        106.7038,
        10.7783,
        '2026-03-07 19:45:00+07',
        '2026-03-07 19:45:00+07',
        'f5aea0e8-5dbf-442d-8c91-d69ec41a198d',
        FALSE
    ),
    (
        'f2000007-f200-4000-8000-f20000000007',
        'Shop Vandalism',
        'https://cdn.tracknest.test/documents/index.html',
        '2026-03-08',
        2,
        0,
        3,
        FALSE,
        106.6968,
        10.7748,
        '2026-03-08 02:15:00+07',
        '2026-03-08 02:15:00+07',
        '8c1c0a9f-9193-4a02-90ea-7c398f73a3e6',
        TRUE
    ),
    (
        'f2000008-f200-4000-8000-f20000000008',
        'Land Dispute Assault',
        'https://cdn.tracknest.test/documents/index.html',
        '2026-03-08',
        3,
        1,
        2,
        FALSE,
        106.7055,
        10.7812,
        '2026-03-08 09:00:00+07',
        '2026-03-08 09:00:00+07',
        '8c1c0a9f-9193-4a02-90ea-7c398f73a3e6',
        TRUE
    ),
    (
        'f2000009-f200-4000-8000-f20000000009',
        'Drunk Driving Accident',
        'https://cdn.tracknest.test/documents/index.html',
        '2026-03-09',
        3,
        2,
        1,
        TRUE,
        106.7003,
        10.7763,
        '2026-03-09 23:50:00+07',
        '2026-03-09 23:50:00+07',
        '0e745cb3-5f38-419b-b446-d204c2e15ba9',
        TRUE
    ),
    (
        'f200000a-f200-4000-8000-f2000000000a',
        'Counterfeit Currency',
        'https://cdn.tracknest.test/documents/index.html',
        '2026-03-09',
        3,
        4,
        2,
        FALSE,
        106.7012,
        10.7771,
        '2026-03-09 15:30:00+07',
        '2026-03-09 15:30:00+07',
        '0e745cb3-5f38-419b-b446-d204c2e15ba9',
        FALSE
    ),
    (
        'f200000b-f200-4000-8000-f2000000000b',
        'Human Trafficking Tip',
        'https://cdn.tracknest.test/documents/index.html',
        '2026-03-10',
        5,
        3,
        2,
        FALSE,
        106.6980,
        10.7735,
        '2026-03-10 07:00:00+07',
        '2026-03-10 07:00:00+07',
        '686fce27-64a1-4e3b-a471-b00920717bb1',
        FALSE
    ),
    (
        'f200000c-f200-4000-8000-f2000000000c',
        'Apartment Theft',
        'https://cdn.tracknest.test/documents/index.html',
        '2026-03-10',
        3,
        1,
        1,
        TRUE,
        106.7042,
        10.7794,
        '2026-03-10 11:00:00+07',
        '2026-03-10 11:00:00+07',
        '686fce27-64a1-4e3b-a471-b00920717bb1',
        TRUE
    ),
    (
        'f200000d-f200-4000-8000-f2000000000d',
        'Bribery Case',
        'https://cdn.tracknest.test/documents/index.html',
        '2026-03-11',
        4,
        0,
        1,
        TRUE,
        106.7019,
        10.7758,
        '2026-03-11 09:20:00+07',
        '2026-03-11 09:20:00+07',
        '766a99f7-7af1-4613-82a4-c303b2e9ee03',
        FALSE
    ),
    (
        'f200000e-f200-4000-8000-f2000000000e',
        'Illegal Gambling Den',
        'https://cdn.tracknest.test/documents/index.html',
        '2026-03-11',
        3,
        10,
        5,
        TRUE,
        106.6995,
        10.7751,
        '2026-03-11 21:00:00+07',
        '2026-03-11 21:00:00+07',
        '766a99f7-7af1-4613-82a4-c303b2e9ee03',
        TRUE
    ),
    (
        'f200000f-f200-4000-8000-f2000000000f',
        'Bag Snatching on Bridge',
        'https://cdn.tracknest.test/documents/index.html',
        '2026-03-12',
        2,
        1,
        1,
        FALSE,
        106.7007,
        10.7767,
        '2026-03-12 17:30:00+07',
        '2026-03-12 17:30:00+07',
        'f5aea0e8-5dbf-442d-8c91-d69ec41a198d',
        TRUE
    ),
    (
        'f2000010-f200-4000-8000-f20000000010',
        'Identity Theft',
        'https://cdn.tracknest.test/documents/index.html',
        '2026-03-12',
        3,
        2,
        1,
        FALSE,
        106.7033,
        10.7779,
        '2026-03-12 10:00:00+07',
        '2026-03-12 10:00:00+07',
        'f5aea0e8-5dbf-442d-8c91-d69ec41a198d',
        FALSE
    ),
    (
        'f2000011-f200-4000-8000-f20000000011',
        'Arson at Warehouse',
        'https://cdn.tracknest.test/documents/index.html',
        '2026-03-13',
        5,
        0,
        1,
        TRUE,
        106.6960,
        10.7730,
        '2026-03-13 03:45:00+07',
        '2026-03-13 03:45:00+07',
        '8c1c0a9f-9193-4a02-90ea-7c398f73a3e6',
        TRUE
    ),
    (
        'f2000012-f200-4000-8000-f20000000012',
        'Carjacking Attempt',
        'https://cdn.tracknest.test/documents/index.html',
        '2026-03-13',
        4,
        1,
        2,
        FALSE,
        106.7047,
        10.7803,
        '2026-03-13 20:10:00+07',
        '2026-03-13 20:10:00+07',
        '8c1c0a9f-9193-4a02-90ea-7c398f73a3e6',
        TRUE
    ),
    (
        'f2000013-f200-4000-8000-f20000000013',
        'Fake Product Sales',
        'https://cdn.tracknest.test/documents/index.html',
        '2026-03-14',
        2,
        8,
        2,
        TRUE,
        106.7021,
        10.7764,
        '2026-03-14 13:00:00+07',
        '2026-03-14 13:00:00+07',
        '0e745cb3-5f38-419b-b446-d204c2e15ba9',
        TRUE
    ),
    (
        'f2000014-f200-4000-8000-f20000000014',
        'Workplace Harassment',
        'https://cdn.tracknest.test/documents/index.html',
        '2026-03-14',
        3,
        1,
        1,
        FALSE,
        106.7028,
        10.7772,
        '2026-03-14 16:00:00+07',
        '2026-03-14 16:00:00+07',
        '0e745cb3-5f38-419b-b446-d204c2e15ba9',
        FALSE
    );
------------------------------------------------
-- Chat sessions and messages
------------------------------------------------
INSERT INTO chat_session (id, user_id, started_at, document_id)
VALUES (
        'aaaaaaaa-aaaa-aaaa-aaaa-aaaaaaaaaaaa',
        'dd382dcf-3652-499c-acdb-5d9ce99a67b8',
        '2026-04-10T10:00:00Z',
        '11111111-1111-1111-1111-111111111111'
    ),
    (
        'bbbbbbbb-bbbb-bbbb-bbbb-bbbbbbbbbbbb',
        '8c52c01e-42a7-45cc-9254-db8a7601c764',
        '2026-04-11T09:00:00Z',
        '22222222-2222-2222-2222-222222222222'
    ),
    (
        'cccccccc-cccc-cccc-cccc-cccccccccccc',
        '4405a37d-bc86-403e-b605-bedd7db88d37',
        '2026-04-12T08:00:00Z',
        '33333333-3333-3333-3333-333333333333'
    ),
    (
        'dddddddd-dddd-dddd-dddd-dddddddddddd',
        '2878c6d3-cb3c-493c-9c6c-7a4094a6a7a5',
        '2026-04-12T09:00:00Z',
        '44444444-4444-4444-4444-444444444444'
    ),
    (
        'eeeeeeee-eeee-eeee-eeee-eeeeeeeeeeee',
        'f8f735b4-549c-4d8c-9e10-15f8c198b71b',
        '2026-04-12T10:00:00Z',
        '55555555-5555-5555-5555-555555555555'
    ) ON CONFLICT DO NOTHING;
INSERT INTO chat_message (id, session_id, content, role, created_at)
VALUES (
        '10000000-0000-0000-0000-000000000001',
        'aaaaaaaa-aaaa-aaaa-aaaa-aaaaaaaaaaaa',
        'You are a crime analysis assistant. Answer based on the document.',
        'USER',
        '2026-04-10T10:00:00Z'
    ),
    (
        '10000000-0000-0000-0000-000000000002',
        'aaaaaaaa-aaaa-aaaa-aaaa-aaaaaaaaaaaa',
        'Summarize the robbery case.',
        'USER',
        '2026-04-10T10:00:05Z'
    ),
    (
        '10000000-0000-0000-0000-000000000003',
        'aaaaaaaa-aaaa-aaaa-aaaa-aaaaaaaaaaaa',
        'An armed robbery occurred at a jewelry store involving two masked suspects who stole valuables.',
        'MODEL',
        '2026-04-10T10:00:08Z'
    ),
    (
        '10000000-0000-0000-0000-000000000004',
        'aaaaaaaa-aaaa-aaaa-aaaa-aaaaaaaaaaaa',
        'Were there injuries?',
        'USER',
        '2026-04-10T10:00:15Z'
    ),
    (
        '10000000-0000-0000-0000-000000000005',
        'aaaaaaaa-aaaa-aaaa-aaaa-aaaaaaaaaaaa',
        'No injuries were reported.',
        'MODEL',
        '2026-04-10T10:00:18Z'
    ),
    (
        '20000000-0000-0000-0000-000000000001',
        'bbbbbbbb-bbbb-bbbb-bbbb-bbbbbbbbbbbb',
        'You are a cybersecurity assistant. Answer based on the document.',
        'USER',
        '2026-04-11T09:00:00Z'
    ),
    (
        '20000000-0000-0000-0000-000000000002',
        'bbbbbbbb-bbbb-bbbb-bbbb-bbbbbbbbbbbb',
        'What type of attack happened?',
        'USER',
        '2026-04-11T09:00:05Z'
    ),
    (
        '20000000-0000-0000-0000-000000000003',
        'bbbbbbbb-bbbb-bbbb-bbbb-bbbbbbbbbbbb',
        'A ransomware attack encrypted company systems.',
        'MODEL',
        '2026-04-11T09:00:08Z'
    ),
    (
        '20000000-0000-0000-0000-000000000004',
        'bbbbbbbb-bbbb-bbbb-bbbb-bbbbbbbbbbbb',
        'What was affected?',
        'USER',
        '2026-04-11T09:00:15Z'
    ),
    (
        '20000000-0000-0000-0000-000000000005',
        'bbbbbbbb-bbbb-bbbb-bbbb-bbbbbbbbbbbb',
        'Internal databases and services were impacted.',
        'MODEL',
        '2026-04-11T09:00:18Z'
    ),
    (
        '30000000-0000-0000-0000-000000000001',
        'cccccccc-cccc-cccc-cccc-cccccccccccc',
        'You are a crime assistant. Answer based on the document.',
        'USER',
        '2026-04-12T08:00:00Z'
    ),
    (
        '30000000-0000-0000-0000-000000000002',
        'cccccccc-cccc-cccc-cccc-cccccccccccc',
        'What crime was reported?',
        'USER',
        '2026-04-12T08:00:05Z'
    ),
    (
        '30000000-0000-0000-0000-000000000003',
        'cccccccc-cccc-cccc-cccc-cccccccccccc',
        'A burglary targeting a residential property was reported.',
        'MODEL',
        '2026-04-12T08:00:08Z'
    ),
    (
        '30000000-0000-0000-0000-000000000004',
        'cccccccc-cccc-cccc-cccc-cccccccccccc',
        'Was anything stolen?',
        'USER',
        '2026-04-12T08:00:15Z'
    ),
    (
        '30000000-0000-0000-0000-000000000005',
        'cccccccc-cccc-cccc-cccc-cccccccccccc',
        'Electronics and cash were stolen.',
        'MODEL',
        '2026-04-12T08:00:18Z'
    ),
    (
        '40000000-0000-0000-0000-000000000001',
        'dddddddd-dddd-dddd-dddd-dddddddddddd',
        'You are a security assistant. Answer based on the document.',
        'USER',
        '2026-04-12T09:00:00Z'
    ),
    (
        '40000000-0000-0000-0000-000000000002',
        'dddddddd-dddd-dddd-dddd-dddddddddddd',
        'Describe the incident.',
        'USER',
        '2026-04-12T09:00:05Z'
    ),
    (
        '40000000-0000-0000-0000-000000000003',
        'dddddddd-dddd-dddd-dddd-dddddddddddd',
        'A coordinated theft occurred at a warehouse facility.',
        'MODEL',
        '2026-04-12T09:00:08Z'
    ),
    (
        '40000000-0000-0000-0000-000000000004',
        'dddddddd-dddd-dddd-dddd-dddddddddddd',
        'How many suspects?',
        'USER',
        '2026-04-12T09:00:15Z'
    ),
    (
        '40000000-0000-0000-0000-000000000005',
        'dddddddd-dddd-dddd-dddd-dddddddddddd',
        'Three suspects were involved.',
        'MODEL',
        '2026-04-12T09:00:18Z'
    ),
    (
        '50000000-0000-0000-0000-000000000001',
        'eeeeeeee-eeee-eeee-eeee-eeeeeeeeeeee',
        'You are an incident analysis assistant. Answer based on the document.',
        'USER',
        '2026-04-12T10:00:00Z'
    ),
    (
        '50000000-0000-0000-0000-000000000002',
        'eeeeeeee-eeee-eeee-eeee-eeeeeeeeeeee',
        'What happened in the report?',
        'USER',
        '2026-04-12T10:00:05Z'
    ),
    (
        '50000000-0000-0000-0000-000000000003',
        'eeeeeeee-eeee-eeee-eeee-eeeeeeeeeeee',
        'A data breach exposed internal records of the organization.',
        'MODEL',
        '2026-04-12T10:00:08Z'
    ),
    (
        '50000000-0000-0000-0000-000000000004',
        'eeeeeeee-eeee-eeee-eeee-eeeeeeeeeeee',
        'Was sensitive data involved?',
        'USER',
        '2026-04-12T10:00:15Z'
    ),
    (
        '50000000-0000-0000-0000-000000000005',
        'eeeeeeee-eeee-eeee-eeee-eeeeeeeeeeee',
        'Yes, personal and financial data were affected.',
        'MODEL',
        '2026-04-12T10:00:18Z'
    ) ON CONFLICT DO NOTHING;
COMMIT;
