BEGIN;
------------------------------------------------
-- Reporters
------------------------------------------------
INSERT INTO reporter (id)
VALUES ('686fce27-64a1-4e3b-a471-b00920717bb1'),
    ('766a99f7-7af1-4613-82a4-c303b2e9ee03'),
    ('f5aea0e8-5dbf-442d-8c91-d69ec41a198d'),
    ('8c1c0a9f-9193-4a02-90ea-7c398f73a3e6'),
    ('0e745cb3-5f38-419b-b446-d204c2e15ba9');
------------------------------------------------
-- Missing person report statuses
------------------------------------------------
INSERT INTO missing_person_report_status (name)
VALUES ('PENDING'),
    ('REJECTED'),
    ('PUBLISHED') ON CONFLICT (name) DO NOTHING;
INSERT INTO missing_person_report_status_translation (status_name, language_code, value)
VALUES ('PENDING', 'en', 'Pending'),
    ('PENDING', 'vi', 'Đang chờ'),
    ('REJECTED', 'en', 'Rejected'),
    ('REJECTED', 'vi', 'Từ chối'),
    ('PUBLISHED', 'en', 'Published'),
    ('PUBLISHED', 'vi', 'Đã xuất bản') ON CONFLICT (status_name, language_code) DO NOTHING;
------------------------------------------------
-- Missing person reports
------------------------------------------------
INSERT INTO missing_person_report (
        id,
        title,
        full_name,
        personal_id,
        photo,
        contact_email,
        contact_phone,
        date,
        content,
        latitude,
        longitude,
        created_at,
        user_id,
        reporter_id,
        status_name
    )
VALUES (
        'f0000001-f000-4000-8000-f00000000001',
        'Missing University Student',
        'Nguyen Thi Hoa',
        'ID100001',
        'https://cdn.example.com/photos/hoa.jpg',
        'hoanguyen@gmail.com',
        '0901100001',
        '2026-03-05',
        'Female, 21 years old, 1.60m tall, long black hair, slim build. Last seen leaving Thu Duc campus after afternoon classes wearing a white ao dai. She did not show up for her evening part-time job and her phone has been switched off since 5 PM.',
        10.8800,
        106.8050,
        '2026-03-05 08:00:00+07',
        'b0000001-b000-4000-8000-b00000000001',
        'c0000001-c000-4000-8000-c00000000001',
        'PENDING'
    ),
    (
        'f0000002-f000-4000-8000-f00000000002',
        'Missing Factory Worker',
        'Tran Van Duc',
        'ID100002',
        'https://cdn.example.com/photos/duc.jpg',
        'ducvan@gmail.com',
        '0901100002',
        '2026-03-05',
        'Male, 29 years old, 1.68m tall, short hair, medium build with a tattoo on his right forearm. Last seen clocking out of a garment factory in Binh Tan District at 6 PM. Did not return home and did not contact family.',
        10.7500,
        106.6100,
        '2026-03-05 09:30:00+07',
        'b0000002-b000-4000-8000-b00000000002',
        'c0000001-c000-4000-8000-c00000000001',
        'PUBLISHED'
    ),
    (
        'f0000003-f000-4000-8000-f00000000003',
        'Missing Grandmother',
        'Le Thi Mai',
        'ID100003',
        'https://cdn.example.com/photos/mai.jpg',
        'maile@gmail.com',
        '0901100003',
        '2026-03-06',
        'Female, 68 years old, 1.52m tall, short grey hair, wearing a floral blouse and dark trousers. Has Alzheimer''s disease and left the house alone in the early morning. Last seen by a neighbor near the local market in Go Vap District.',
        10.8380,
        106.6650,
        '2026-03-06 07:45:00+07',
        'b0000003-b000-4000-8000-b00000000003',
        'c0000002-c000-4000-8000-c00000000002',
        'REJECTED'
    ),
    (
        'f0000004-f000-4000-8000-f00000000004',
        'Missing High School Boy',
        'Pham Van Khoa',
        'ID100004',
        'https://cdn.example.com/photos/khoa.jpg',
        'khoapham@gmail.com',
        '0901100004',
        '2026-03-06',
        'Male, 17 years old, 1.70m tall, athletic build, short hair. Last seen leaving Tran Phu High School in District 5 on his bicycle after extra classes at 8 PM. His bicycle was found abandoned near the canal the following morning.',
        10.7550,
        106.6680,
        '2026-03-06 11:00:00+07',
        'b0000004-b000-4000-8000-b00000000004',
        'c0000002-c000-4000-8000-c00000000002',
        'PUBLISHED'
    ),
    (
        'f0000005-f000-4000-8000-f00000000005',
        'Missing Market Vendor',
        'Vo Thi Lan',
        'ID100005',
        'https://cdn.example.com/photos/lan.jpg',
        'lanvo@gmail.com',
        '0901100005',
        '2026-03-07',
        'Female, 45 years old, 1.55m tall, medium build, shoulder-length black hair with streaks of grey. Runs a vegetable stall at Tan Binh Market. Left to collect goods from a supplier in Hoc Mon District and has not returned or answered calls.',
        10.8000,
        106.6450,
        '2026-03-07 08:20:00+07',
        'b0000005-b000-4000-8000-b00000000005',
        'c0000003-c000-4000-8000-c00000000003',
        'PENDING'
    ),
    (
        'f0000006-f000-4000-8000-f00000000006',
        'Missing Taxi Driver',
        'Bui Van Minh',
        'ID100006',
        NULL,
        'minhbui@gmail.com',
        '0901100006',
        '2026-03-07',
        'Male, 38 years old, 1.67m tall, slightly overweight, short black hair. Works as a ride-hailing driver. His last recorded trip ended in Nha Be District at 11:30 PM. The vehicle was found parked near a canal with the engine off but the door open.',
        10.6900,
        106.7300,
        '2026-03-07 13:00:00+07',
        'b0000006-b000-4000-8000-b00000000006',
        'c0000003-c000-4000-8000-c00000000003',
        'PUBLISHED'
    ),
    (
        'f0000007-f000-4000-8000-f00000000007',
        'Missing Elderly Woman',
        'Dang Thi Thu',
        'ID100007',
        'https://cdn.example.com/photos/thu.jpg',
        'thudang@gmail.com',
        '0901100007',
        '2026-03-08',
        'Female, 74 years old, 1.50m tall, thin build, white hair, walks slowly. Last seen in the early morning near a pagoda in Binh Thanh District wearing a light blue shirt and black trousers. She is hard of hearing and may not respond to her name.',
        10.8150,
        106.7100,
        '2026-03-08 06:30:00+07',
        'b0000007-b000-4000-8000-b00000000007',
        'c0000004-c000-4000-8000-c00000000004',
        'PENDING'
    ),
    (
        'f0000008-f000-4000-8000-f00000000008',
        'Missing Street Vendor',
        'Do Van Hung',
        'ID100008',
        'https://cdn.example.com/photos/hung.jpg',
        'hungdo@gmail.com',
        '0901100008',
        '2026-03-08',
        'Male, 52 years old, 1.65m tall, tanned skin, short grey hair. Sells lottery tickets along Le Loi Street, District 1. His regular customers report he did not appear at his usual spot for two days. His family in Long An Province has not heard from him.',
        10.7730,
        106.7020,
        '2026-03-08 10:15:00+07',
        'b0000008-b000-4000-8000-b00000000008',
        'c0000004-c000-4000-8000-c00000000004',
        'REJECTED'
    ),
    (
        'f0000009-f000-4000-8000-f00000000009',
        'Missing Foreign Tourist',
        'Sarah Johnson',
        'ID100009',
        'https://cdn.example.com/photos/sarah.jpg',
        'sarah.j@email.com',
        '0901100009',
        '2026-03-09',
        'Female, 32 years old, approximately 1.68m tall, blonde hair, blue eyes, wearing a yellow backpack. Last seen checking out of a hostel on Bui Vien Street, District 1. Her passport and most belongings were left in her room. She is an Australian national.',
        10.7676,
        106.6942,
        '2026-03-09 14:00:00+07',
        'b0000009-b000-4000-8000-b00000000009',
        'c0000005-c000-4000-8000-c00000000005',
        'PUBLISHED'
    ),
    (
        'f000000a-f000-4000-8000-f0000000000a',
        'Missing Delivery Man',
        'Ngo Van Tuan',
        'ID100010',
        'https://cdn.example.com/photos/tuan.jpg',
        'tuanngo@gmail.com',
        '0901100010',
        '2026-03-09',
        'Male, 25 years old, 1.70m tall, slim, wearing a green delivery uniform and helmet. Was on his last delivery route in District 12 when GPS tracking was lost at 9:45 PM. His motorbike was found overturned on a quiet street with no signs of the driver.',
        10.8530,
        106.7150,
        '2026-03-09 16:45:00+07',
        'b000000a-b000-4000-8000-b0000000000a',
        'c0000005-c000-4000-8000-c00000000005',
        'PENDING'
    ),
    (
        'f000000b-f000-4000-8000-f0000000000b',
        'Missing Teacher',
        'Hoang Thi Yen',
        'ID100011',
        'https://cdn.example.com/photos/yen.jpg',
        'yenhoang@gmail.com',
        '0901100011',
        '2026-03-10',
        'Female, 40 years old, 1.58m tall, medium build, wears glasses, straight black hair tied back. A primary school teacher in District 3. Did not arrive at school on Monday morning and her apartment shows no signs of a struggle. Last contact was a phone call to her mother the night before.',
        10.7850,
        106.6900,
        '2026-03-10 09:00:00+07',
        'b000000b-b000-4000-8000-b0000000000b',
        'c0000006-c000-4000-8000-c00000000006',
        'PUBLISHED'
    ),
    (
        'f000000c-f000-4000-8000-f0000000000c',
        'Missing Construction Worker',
        'Nguyen Van Son',
        'ID100012',
        NULL,
        'sonnguyen@gmail.com',
        '0901100012',
        '2026-03-10',
        'Male, 33 years old, 1.72m tall, muscular build, short hair, has a scar above his right eyebrow. Was working on a construction site in Thu Duc City. Did not show up after the lunch break and his hard hat and tools were left at the site.',
        10.8780,
        106.7980,
        '2026-03-10 11:30:00+07',
        'b000000c-b000-4000-8000-b0000000000c',
        'c0000006-c000-4000-8000-c00000000006',
        'PENDING'
    ),
    (
        'f000000d-f000-4000-8000-f0000000000d',
        'Missing Nurse',
        'Tran Thi Bich',
        'ID100013',
        'https://cdn.example.com/photos/bich.jpg',
        'bichtran@gmail.com',
        '0901100013',
        '2026-03-11',
        'Female, 27 years old, 1.57m tall, slim, short black hair. Works night shifts at a clinic in Phu Nhuan District. Finished her shift at 6 AM and boarded a bus toward her home in District 10. Surveillance footage shows her exiting the bus but she never reached home.',
        10.7990,
        106.6800,
        '2026-03-11 07:00:00+07',
        'b000000d-b000-4000-8000-b0000000000d',
        'c0000007-c000-4000-8000-c00000000007',
        'REJECTED'
    ),
    (
        'f000000e-f000-4000-8000-f0000000000e',
        'Missing Shopkeeper',
        'Le Van Thanh',
        'ID100014',
        'https://cdn.example.com/photos/thanh.jpg',
        'thanhole@gmail.com',
        '0901100014',
        '2026-03-11',
        'Male, 55 years old, 1.63m tall, stocky build, balding with grey temples. Runs a hardware store on Ly Thuong Kiet Street, District 10. Closed the shop as usual at 7 PM and was last seen at a nearby pho restaurant. His family has not been able to reach him since.',
        10.7720,
        106.6680,
        '2026-03-11 14:20:00+07',
        'b000000e-b000-4000-8000-b0000000000e',
        'c0000007-c000-4000-8000-c00000000007',
        'PUBLISHED'
    ),
    (
        'f000000f-f000-4000-8000-f0000000000f',
        'Missing Fisherman',
        'Pham Van Long',
        'ID100015',
        'https://cdn.example.com/photos/long.jpg',
        'longpham@gmail.com',
        '0901100015',
        '2026-03-12',
        'Male, 48 years old, 1.66m tall, tanned and weathered skin, short dark hair. Went out fishing alone on a small boat from the Can Gio coast at 4 AM. Did not return by evening. His boat was found drifting unmanned the following day with fishing gear still on board.',
        10.4100,
        106.9600,
        '2026-03-12 05:30:00+07',
        'b000000f-b000-4000-8000-b0000000000f',
        'c0000008-c000-4000-8000-c00000000008',
        'PENDING'
    ),
    (
        'f0000010-f000-4000-8000-f00000000010',
        'Missing Mechanic',
        'Vo Van Khanh',
        'ID100016',
        'https://cdn.example.com/photos/khanh.jpg',
        'khanhvo@gmail.com',
        '0901100016',
        '2026-03-12',
        'Male, 31 years old, 1.69m tall, medium build, short hair, usually has grease stains on his hands. Works at a motorbike repair shop in Binh Thanh District. Left for a parts supplier in District 12 at noon and did not return. His phone rings but is not answered.',
        10.8150,
        106.7100,
        '2026-03-12 12:00:00+07',
        'b0000010-b000-4000-8000-b00000000010',
        'c0000008-c000-4000-8000-c00000000008',
        'PUBLISHED'
    ),
    (
        'f0000011-f000-4000-8000-f00000000011',
        'Missing Cleaner',
        'Bui Thi Hien',
        'ID100017',
        NULL,
        'hienbui@gmail.com',
        '0901100017',
        '2026-03-13',
        'Female, 50 years old, 1.53m tall, stocky build, short permed hair. Works as a morning cleaner at an office building in District 1. Did not show up for work and her landlord reports she left her rented room in a hurry, leaving behind personal belongings.',
        10.7750,
        106.7030,
        '2026-03-13 08:45:00+07',
        'b0000011-b000-4000-8000-b0000000000b',
        'c0000009-c000-4000-8000-c00000000009',
        'PENDING'
    ),
    (
        'f0000012-f000-4000-8000-f00000000012',
        'Missing Journalist',
        'Dang Van Quoc',
        'ID100018',
        'https://cdn.example.com/photos/quoc.jpg',
        'quocdang@gmail.com',
        '0901100018',
        '2026-03-13',
        'Male, 36 years old, 1.71m tall, slim, wears glasses, carries a camera bag. Was investigating a local story in a suburban area of Binh Duong Province. Sent a last message to his editor at 10 PM saying he had found an important lead. Has not been seen since.',
        11.0500,
        106.6500,
        '2026-03-13 10:30:00+07',
        'b0000012-b000-4000-8000-b0000000000c',
        'c0000009-c000-4000-8000-c00000000009',
        'REJECTED'
    ),
    (
        'f0000013-f000-4000-8000-f00000000013',
        'Missing Pharmacist',
        'Do Thi Ngoc',
        'ID100019',
        'https://cdn.example.com/photos/ngoc.jpg',
        'ngocdo@gmail.com',
        '0901100019',
        '2026-03-14',
        'Female, 30 years old, 1.62m tall, slim, long straight hair, wears a white lab coat at work. Was closing her pharmacy in District 5 when a neighbor heard shouting. The next morning the pharmacy was found locked from outside with the lights still on inside.',
        10.7550,
        106.6680,
        '2026-03-14 09:15:00+07',
        'b0000013-b000-4000-8000-b0000000000d',
        'c000000a-c000-4000-8000-c0000000000a',
        'PUBLISHED'
    ),
    (
        'f0000014-f000-4000-8000-f00000000014',
        'Missing Retired Officer',
        'Ngo Van Binh',
        'ID100020',
        'https://cdn.example.com/photos/binh.jpg',
        'binhngo@gmail.com',
        '0901100020',
        '2026-03-14',
        'Male, 65 years old, 1.67m tall, grey hair, upright posture, often wears a veteran''s cap. Went for his usual morning walk in a park in Thu Duc City and never returned home. Witnesses saw him speaking with an unfamiliar man near the park entrance before disappearing.',
        10.8780,
        106.8020,
        '2026-03-14 15:00:00+07',
        'b0000014-b000-4000-8000-b0000000000e',
        'c000000a-c000-4000-8000-c0000000000a',
        'PENDING'
    );
------------------------------------------------
-- Guidelines documents
------------------------------------------------
INSERT INTO guidelines_document (
        id,
        title,
        abstract,
        content,
        created_at,
        reporter_id,
        public
    )
VALUES (
        'f1000001-f100-4000-8000-f10000000001',
        'Child Safety Guidelines',
        'Steps for protecting children from abduction.',
        'Child safety guidelines: 1) Teach children to memorize parents'' phone numbers. 2) Establish a trusted adult network. 3) Never leave children unattended in public. 4) Report any suspicious behavior near schools immediately. 5) Install GPS tracking apps for older children with their knowledge.',
        '2026-03-01 08:00:00+07',
        'c0000001-c000-4000-8000-c00000000001',
        TRUE
    ),
    (
        'f1000002-f100-4000-8000-f10000000002',
        'Elder Care Safety Protocol',
        'Procedures for tracking and protecting elderly citizens.',
        'Elder care safety procedures: 1) Register elderly relatives with dementia at local community centers. 2) Attach ID bracelets with emergency contact information. 3) Set up regular check-in calls. 4) Install door sensors and notify caregivers of unusual exit times. 5) File a missing report within 2 hours if an elderly person with dementia goes missing.',
        '2026-03-01 09:00:00+07',
        'c0000001-c000-4000-8000-c00000000001',
        FALSE
    ),
    (
        'f1000003-f100-4000-8000-f10000000003',
        'Tourist Safety Manual',
        'Guidance for tourists to stay safe in the city.',
        'Tourist safety in Ho Chi Minh City: 1) Keep copies of your passport in a secure location. 2) Use reputable ride-hailing apps rather than street taxis. 3) Avoid displaying expensive cameras or jewelry in crowded areas. 4) Register with your embassy upon arrival. 5) Save the local emergency number: 113 (police), 114 (fire), 115 (ambulance).',
        '2026-03-02 08:00:00+07',
        'c0000002-c000-4000-8000-c00000000002',
        TRUE
    ),
    (
        'f1000004-f100-4000-8000-f10000000004',
        'Night Safety Tips',
        'Recommendations for staying safe at night.',
        'Night safety recommendations: 1) Travel in groups whenever possible after 10 PM. 2) Stay on well-lit main streets. 3) Avoid using your phone while walking. 4) Inform someone of your expected route and arrival time. 5) Use tracked ride-hailing services and share trip details with a contact.',
        '2026-03-02 10:00:00+07',
        'c0000002-c000-4000-8000-c00000000002',
        TRUE
    ),
    (
        'f1000005-f100-4000-8000-f10000000005',
        'Vehicle Theft Prevention',
        'Tips to prevent theft of motorbikes and cars.',
        'Vehicle theft prevention: 1) Always use disc locks in addition to the standard wheel lock. 2) Park in well-lit, monitored areas. 3) Install GPS trackers on motorbikes. 4) Never leave helmets visible as they indicate the vehicle is unattended. 5) Register your vehicle''s frame number with local police.',
        '2026-03-03 08:00:00+07',
        'c0000003-c000-4000-8000-c00000000003',
        TRUE
    ),
    (
        'f1000006-f100-4000-8000-f10000000006',
        'Digital Safety Guide',
        'How to stay safe online and avoid scams.',
        'Digital safety guide: 1) Never share OTP codes received via SMS with anyone. 2) Use two-factor authentication on banking apps. 3) Be suspicious of unsolicited calls claiming to be from banks or police. 4) Report phishing attempts to cybercrime authorities. 5) Regularly update passwords and do not reuse them across platforms.',
        '2026-03-03 11:00:00+07',
        'c0000003-c000-4000-8000-c00000000003',
        FALSE
    ),
    (
        'f1000007-f100-4000-8000-f10000000007',
        'Public Transport Safety',
        'Safety tips when using buses and trains.',
        'Public transport safety: 1) Keep bags in front of your body on crowded buses. 2) Avoid sleeping on long-distance bus routes. 3) Note the bus number and route when boarding. 4) If you witness theft, alert the driver immediately rather than confronting the suspect. 5) Report broken surveillance cameras to the transport authority.',
        '2026-03-04 08:00:00+07',
        'c0000004-c000-4000-8000-c00000000004',
        TRUE
    ),
    (
        'f1000008-f100-4000-8000-f10000000008',
        'Market Area Crime Watch',
        'Guidance for vendors and shoppers in market areas.',
        'Market area crime watch: 1) Vendors should keep cash in secure lockboxes, not visible drawers. 2) Install visible CCTV cameras at stalls. 3) Form neighborhood watch groups with adjacent vendors. 4) Report strangers loitering near stalls to market security. 5) Do not carry large amounts of cash when closing the stall at night.',
        '2026-03-04 09:30:00+07',
        'c0000004-c000-4000-8000-c00000000004',
        TRUE
    ),
    (
        'f1000009-f100-4000-8000-f10000000009',
        'School Zone Safety',
        'Rules and guidelines for school zone security.',
        'School zone security guidelines: 1) All visitors must sign in at the school gate. 2) Unknown vehicles loitering near the school should be reported to the principal. 3) Parents must use the designated pickup zone only. 4) Teachers should escort students to the gate during dismissal. 5) Report any suspicious approaches to children immediately to local police.',
        '2026-03-05 08:00:00+07',
        'c0000005-c000-4000-8000-c00000000005',
        TRUE
    ),
    (
        'f100000a-f100-4000-8000-f1000000000a',
        'Domestic Violence Response',
        'Internal procedures for handling domestic violence reports.',
        'Domestic violence response procedures: 1) All reports are treated with strict confidentiality. 2) Victims are offered temporary shelter referrals within 24 hours. 3) Officers must document injuries with photographs. 4) Restraining order applications can be initiated by the responding officer. 5) Follow-up welfare checks are scheduled within 72 hours of the initial report.',
        '2026-03-05 14:00:00+07',
        'c0000005-c000-4000-8000-c00000000005',
        FALSE
    ),
    (
        'f100000b-f100-4000-8000-f1000000000b',
        'Fire Safety and Emergency Evacuation',
        'Evacuation procedures for buildings and public spaces.',
        'Fire safety and evacuation: 1) Know the location of all fire exits before occupying a building. 2) Do not use elevators during a fire alarm. 3) Crawl low under smoke. 4) Meet at the designated assembly point outside. 5) Call 114 only after reaching safety. 6) Do not re-enter the building until cleared by fire authorities.',
        '2026-03-06 08:00:00+07',
        'c0000006-c000-4000-8000-c00000000006',
        TRUE
    ),
    (
        'f100000c-f100-4000-8000-f1000000000c',
        'Flood Safety Protocol',
        'Actions to take during flooding events.',
        'Flood safety protocol: 1) Monitor weather alerts and evacuate early when advised. 2) Do not attempt to walk or drive through floodwater. 3) Move valuables and documents to higher ground. 4) Turn off electricity at the mains before water enters the home. 5) Contact emergency services at 115 if trapped. 6) Avoid contact with floodwater as it may be contaminated.',
        '2026-03-06 10:00:00+07',
        'c0000006-c000-4000-8000-c00000000006',
        TRUE
    ),
    (
        'f100000d-f100-4000-8000-f1000000000d',
        'Police Station Locations',
        'Guide to finding and contacting local police stations.',
        'Key police station contacts in Ho Chi Minh City: District 1 Police - 08 3829 0412; District 3 Police - 08 3932 5551; Thu Duc City Police - 028 3896 3085; Binh Thanh District Police - 028 3899 5251. For emergencies dial 113. All stations accept in-person reports 24 hours a day.',
        '2026-03-07 08:00:00+07',
        'c0000007-c000-4000-8000-c00000000007',
        TRUE
    ),
    (
        'f100000e-f100-4000-8000-f1000000000e',
        'Cybercrime Reporting Steps',
        'How to file a cybercrime report with authorities.',
        'Cybercrime reporting steps: 1) Document all evidence — screenshots, URLs, transaction records. 2) Do not delete any messages or emails from the suspect. 3) File a report at the nearest police station or via the Ministry of Public Security online portal. 4) Contact your bank immediately if financial fraud is involved. 5) Change all compromised passwords and enable two-factor authentication.',
        '2026-03-07 13:00:00+07',
        'c0000007-c000-4000-8000-c00000000007',
        FALSE
    ),
    (
        'f100000f-f100-4000-8000-f1000000000f',
        'Drug Trafficking Reporting',
        'Confidential reporting procedures for drug-related crimes.',
        'Confidential drug trafficking reporting: 1) Reports can be submitted anonymously via the national hotline 1800 599 920. 2) Do not attempt to investigate suspects independently. 3) Provide location details, vehicle descriptions, and timing if observed. 4) All reporter identities are protected under witness confidentiality law. 5) Rewards may be available for tips leading to arrests.',
        '2026-03-08 08:00:00+07',
        'c0000008-c000-4000-8000-c00000000008',
        FALSE
    ),
    (
        'f1000010-f100-4000-8000-f10000000010',
        'Road Accident Reporting',
        'Procedures to follow after a road traffic accident.',
        'Road accident procedures: 1) Ensure safety — move to the roadside if possible. 2) Call 115 for injuries and 113 for police. 3) Do not move injured persons unless there is immediate danger. 4) Photograph the scene, vehicle positions, and damage before moving vehicles. 5) Exchange insurance and contact details with the other party. 6) File a police report within 24 hours even for minor incidents.',
        '2026-03-08 11:00:00+07',
        'c0000008-c000-4000-8000-c00000000008',
        TRUE
    ),
    (
        'f1000011-f100-4000-8000-f10000000011',
        'Gang Activity Awareness',
        'How to identify and safely report gang activity.',
        'Gang activity awareness: 1) Do not engage or make eye contact with suspected gang members. 2) Note locations where groups congregate regularly at night. 3) Report graffiti tagging to local authorities as it can indicate territorial marking. 4) Submit anonymous reports via the community tip line. 5) Attend local community policing meetings to share observations safely.',
        '2026-03-09 08:00:00+07',
        'c0000009-c000-4000-8000-c00000000009',
        FALSE
    ),
    (
        'f1000012-f100-4000-8000-f10000000012',
        'ATM Security Tips',
        'How to stay safe when using ATM machines.',
        'ATM security tips: 1) Cover the keypad with your hand when entering your PIN. 2) Inspect the card slot for skimming devices before inserting your card. 3) Use ATMs inside banks or well-lit locations during the day. 4) If your card is retained by the machine, call your bank immediately. 5) Never accept help from strangers at ATMs.',
        '2026-03-09 10:00:00+07',
        'c0000009-c000-4000-8000-c00000000009',
        TRUE
    ),
    (
        'f1000013-f100-4000-8000-f10000000013',
        'Witness Protection Information',
        'Rights and support available for crime witnesses.',
        'Witness protection rights: 1) Witnesses have the right to provide testimony confidentially. 2) Your identity can be withheld from the accused in serious crime cases. 3) Relocation assistance may be available for high-risk witnesses. 4) Psychological support services are provided free of charge. 5) Contact the Witness Protection Unit at the Ministry of Public Security for guidance before testifying.',
        '2026-03-10 08:00:00+07',
        'c000000a-c000-4000-8000-c0000000000a',
        FALSE
    ),
    (
        'f1000014-f100-4000-8000-f10000000014',
        'Community Watch Program Guide',
        'How to set up and run a neighborhood watch program.',
        'Setting up a neighborhood watch: 1) Gather at least 10 interested residents to form a committee. 2) Register with the local ward police station for official support. 3) Establish a group communication channel for incident reporting. 4) Assign patrol volunteers for evening rounds. 5) Hold monthly meetings to review incidents and update procedures. 6) Report all findings to the ward police, not social media.',
        '2026-03-10 14:00:00+07',
        'c000000a-c000-4000-8000-c0000000000a',
        TRUE
    );
------------------------------------------------
-- Crime reports
------------------------------------------------
INSERT INTO crime_report (
        id,
        title,
        content,
        date,
        severity,
        number_of_victims,
        number_of_offenders,
        arrested,
        longitude,
        latitude,
        created_at,
        updated_at,
        reporter_id,
        public
    )
VALUES (
        'f2000001-f200-4000-8000-f20000000001',
        'ATM Card Skimming',
        'A skimming device was found attached to an ATM on Nguyen Thi Minh Khai Street. Three victims reported unauthorized transactions totaling 15 million VND. The device was removed and submitted as evidence.',
        '2026-03-05',
        2,
        3,
        1,
        FALSE,
        106.6975,
        10.7760,
        '2026-03-05 08:30:00+07',
        '2026-03-05 08:30:00+07',
        'c0000001-c000-4000-8000-c00000000001',
        TRUE
    ),
    (
        'f2000002-f200-4000-8000-f20000000002',
        'Residential Break-In',
        'Two suspects broke into a house in District 7 by forcing the back door while the family was away. Electronics and jewelry valued at approximately 80 million VND were stolen. Both suspects were apprehended the following day.',
        '2026-03-05',
        4,
        0,
        2,
        TRUE,
        106.7050,
        10.7800,
        '2026-03-05 11:00:00+07',
        '2026-03-05 11:00:00+07',
        'c0000001-c000-4000-8000-c00000000001',
        FALSE
    ),
    (
        'f2000003-f200-4000-8000-f20000000003',
        'Drug Possession Arrest',
        'Police conducted a routine check near a park in District 8 and found one individual in possession of 50 grams of methamphetamine. The suspect was arrested on the spot and taken to the station for processing.',
        '2026-03-06',
        3,
        0,
        1,
        TRUE,
        106.6992,
        10.7742,
        '2026-03-06 14:20:00+07',
        '2026-03-06 14:20:00+07',
        'c0000002-c000-4000-8000-c00000000002',
        TRUE
    ),
    (
        'f2000004-f200-4000-8000-f20000000004',
        'Online Scam',
        'Five victims reported losing money to an investment scam operating via social media. The suspect created a fake investment platform promising 20% monthly returns. Total losses exceeded 200 million VND. Investigation is ongoing.',
        '2026-03-06',
        2,
        5,
        1,
        FALSE,
        106.7018,
        10.7768,
        '2026-03-06 10:00:00+07',
        '2026-03-06 10:00:00+07',
        'c0000002-c000-4000-8000-c00000000002',
        TRUE
    ),
    (
        'f2000005-f200-4000-8000-f20000000005',
        'Motorbike Street Racing',
        'Four individuals were caught conducting illegal street races on a main boulevard in Binh Thanh District at 10:30 PM. All four were arrested, vehicles were impounded, and licenses were suspended pending court proceedings.',
        '2026-03-07',
        1,
        0,
        4,
        TRUE,
        106.7025,
        10.7755,
        '2026-03-07 22:30:00+07',
        '2026-03-07 22:30:00+07',
        'c0000003-c000-4000-8000-c00000000003',
        TRUE
    ),
    (
        'f2000006-f200-4000-8000-f20000000006',
        'Knife Threat at Restaurant',
        'One suspect entered a restaurant in District 1 and threatened staff and two diners with a knife before fleeing with the cash register contents. The suspect was identified from CCTV footage and arrested the same evening.',
        '2026-03-07',
        4,
        2,
        1,
        TRUE,
        106.7038,
        10.7783,
        '2026-03-07 19:45:00+07',
        '2026-03-07 19:45:00+07',
        'c0000003-c000-4000-8000-c00000000003',
        FALSE
    ),
    (
        'f2000007-f200-4000-8000-f20000000007',
        'Shop Vandalism',
        'Three suspects spray-painted graffiti and smashed the storefront window of a convenience store in Go Vap District at 2 AM. Estimated damage is 5 million VND. Suspects fled before police arrived; identified from CCTV.',
        '2026-03-08',
        2,
        0,
        3,
        FALSE,
        106.6968,
        10.7748,
        '2026-03-08 02:15:00+07',
        '2026-03-08 02:15:00+07',
        'c0000004-c000-4000-8000-c00000000004',
        TRUE
    ),
    (
        'f2000008-f200-4000-8000-f20000000008',
        'Land Dispute Assault',
        'Two neighbors in a land boundary dispute in District 9 came to blows, resulting in one person being hospitalized with rib injuries. Both parties have been interviewed and the case referred to the civil court.',
        '2026-03-08',
        3,
        1,
        2,
        FALSE,
        106.7055,
        10.7812,
        '2026-03-08 09:00:00+07',
        '2026-03-08 09:00:00+07',
        'c0000004-c000-4000-8000-c00000000004',
        TRUE
    ),
    (
        'f2000009-f200-4000-8000-f20000000009',
        'Drunk Driving Accident',
        'A driver with a blood alcohol level three times the legal limit collided with two motorbikes at an intersection in District 2 shortly before midnight. Two riders were injured and taken to hospital. The driver was arrested at the scene.',
        '2026-03-09',
        3,
        2,
        1,
        TRUE,
        106.7003,
        10.7763,
        '2026-03-09 23:50:00+07',
        '2026-03-09 23:50:00+07',
        'c0000005-c000-4000-8000-c00000000005',
        TRUE
    ),
    (
        'f200000a-f200-4000-8000-f2000000000a',
        'Counterfeit Currency',
        'A shopkeeper in District 5 received four 500,000 VND counterfeit banknotes during a busy afternoon period. The notes were identified by UV scanner. Four additional victims were later identified in the same market block.',
        '2026-03-09',
        3,
        4,
        2,
        FALSE,
        106.7012,
        10.7771,
        '2026-03-09 15:30:00+07',
        '2026-03-09 15:30:00+07',
        'c0000005-c000-4000-8000-c00000000005',
        FALSE
    ),
    (
        'f200000b-f200-4000-8000-f2000000000b',
        'Human Trafficking Tip',
        'A tip was received regarding a suspected trafficking operation using a boarding house in District 12. Three victims were recovered during a police raid. Two suspects were arrested; investigation is ongoing into a wider network.',
        '2026-03-10',
        5,
        3,
        2,
        FALSE,
        106.6980,
        10.7735,
        '2026-03-10 07:00:00+07',
        '2026-03-10 07:00:00+07',
        'c0000006-c000-4000-8000-c00000000006',
        FALSE
    ),
    (
        'f200000c-f200-4000-8000-f2000000000c',
        'Apartment Theft',
        'A resident of a high-rise in Binh Thanh District returned from a business trip to find their apartment had been entered via the balcony. A laptop, watch, and cash were missing. The suspect was captured on building CCTV and subsequently arrested.',
        '2026-03-10',
        3,
        1,
        1,
        TRUE,
        106.7042,
        10.7794,
        '2026-03-10 11:00:00+07',
        '2026-03-10 11:00:00+07',
        'c0000006-c000-4000-8000-c00000000006',
        TRUE
    ),
    (
        'f200000d-f200-4000-8000-f2000000000d',
        'Bribery Case',
        'A government official was caught accepting a 50 million VND bribe in exchange for approving a construction permit. The incident was recorded by an undercover investigator. The official was arrested and suspended pending investigation.',
        '2026-03-11',
        4,
        0,
        1,
        TRUE,
        106.7019,
        10.7758,
        '2026-03-11 09:20:00+07',
        '2026-03-11 09:20:00+07',
        'c0000007-c000-4000-8000-c00000000007',
        FALSE
    ),
    (
        'f200000e-f200-4000-8000-f2000000000e',
        'Illegal Gambling Den',
        'Police raided an illegal gambling establishment operating out of a warehouse in Tan Binh District. Ten individuals including five organizers were arrested. Cash and equipment valued at over 300 million VND were seized.',
        '2026-03-11',
        3,
        10,
        5,
        TRUE,
        106.6995,
        10.7751,
        '2026-03-11 21:00:00+07',
        '2026-03-11 21:00:00+07',
        'c0000007-c000-4000-8000-c00000000007',
        TRUE
    ),
    (
        'f200000f-f200-4000-8000-f2000000000f',
        'Bag Snatching on Bridge',
        'A pedestrian crossing a footbridge in District 4 had their bag snatched by a suspect on a bicycle. The bag contained a phone, wallet, and documents. The suspect was not caught but was captured on bridge CCTV.',
        '2026-03-12',
        2,
        1,
        1,
        FALSE,
        106.7007,
        10.7767,
        '2026-03-12 17:30:00+07',
        '2026-03-12 17:30:00+07',
        'c0000008-c000-4000-8000-c00000000008',
        TRUE
    ),
    (
        'f2000010-f200-4000-8000-f20000000010',
        'Identity Theft',
        'Two individuals used stolen personal ID documents to open fraudulent bank accounts and apply for loans totaling 150 million VND. The victims only discovered the fraud upon receiving debt collection notices. Investigation is ongoing.',
        '2026-03-12',
        3,
        2,
        1,
        FALSE,
        106.7033,
        10.7779,
        '2026-03-12 10:00:00+07',
        '2026-03-12 10:00:00+07',
        'c0000008-c000-4000-8000-c00000000008',
        FALSE
    ),
    (
        'f2000011-f200-4000-8000-f20000000011',
        'Arson at Warehouse',
        'A warehouse in the industrial zone of Binh Chanh District was deliberately set on fire overnight. Damage is estimated at 2 billion VND. One suspect was arrested after being identified near the scene; investigators believe a business dispute was the motive.',
        '2026-03-13',
        5,
        0,
        1,
        TRUE,
        106.6960,
        10.7730,
        '2026-03-13 03:45:00+07',
        '2026-03-13 03:45:00+07',
        'c0000009-c000-4000-8000-c00000000009',
        TRUE
    ),
    (
        'f2000012-f200-4000-8000-f20000000012',
        'Carjacking Attempt',
        'A driver stopped at a red light in District 2 was confronted by two individuals who attempted to drag them from the vehicle. The driver managed to drive away. Police are reviewing CCTV footage; suspects remain at large.',
        '2026-03-13',
        4,
        1,
        2,
        FALSE,
        106.7047,
        10.7803,
        '2026-03-13 20:10:00+07',
        '2026-03-13 20:10:00+07',
        'c0000009-c000-4000-8000-c00000000009',
        TRUE
    ),
    (
        'f2000013-f200-4000-8000-f20000000013',
        'Fake Product Sales',
        'Two individuals were arrested selling counterfeit branded goods at a street market in District 6. Eight victims have been identified. Goods included fake luxury watches and handbags. All merchandise was confiscated.',
        '2026-03-14',
        2,
        8,
        2,
        TRUE,
        106.7021,
        10.7764,
        '2026-03-14 13:00:00+07',
        '2026-03-14 13:00:00+07',
        'c000000a-c000-4000-8000-c0000000000a',
        TRUE
    ),
    (
        'f2000014-f200-4000-8000-f20000000014',
        'Workplace Harassment',
        'An employee filed a report against a manager for repeated verbal and physical harassment over a three-month period in an office in District 1. Witness statements have been collected. The case has been referred to the labor authorities and district police.',
        '2026-03-14',
        3,
        1,
        1,
        FALSE,
        106.7028,
        10.7772,
        '2026-03-14 16:00:00+07',
        '2026-03-14 16:00:00+07',
        'c000000a-c000-4000-8000-c0000000000a',
        FALSE
    );
------------------------------------------------
-- Chat sessions and messages
------------------------------------------------
INSERT INTO chat_session (id, user_id, started_at, document_id)
VALUES (
        'aaaaaaaa-aaaa-aaaa-aaaa-aaaaaaaaaaaa',
        'dd382dcf-3652-499c-acdb-5d9ce99a67b8',
        '2026-04-10T10:00:00Z',
        '11111111-1111-1111-1111-111111111111'
    ),
    (
        'bbbbbbbb-bbbb-bbbb-bbbb-bbbbbbbbbbbb',
        '8c52c01e-42a7-45cc-9254-db8a7601c764',
        '2026-04-11T09:00:00Z',
        '22222222-2222-2222-2222-222222222222'
    ),
    (
        'cccccccc-cccc-cccc-cccc-cccccccccccc',
        '4405a37d-bc86-403e-b605-bedd7db88d37',
        '2026-04-12T08:00:00Z',
        '33333333-3333-3333-3333-333333333333'
    ),
    (
        'dddddddd-dddd-dddd-dddd-dddddddddddd',
        '2878c6d3-cb3c-493c-9c6c-7a4094a6a7a5',
        '2026-04-12T09:00:00Z',
        '44444444-4444-4444-4444-444444444444'
    ),
    (
        'eeeeeeee-eeee-eeee-eeee-eeeeeeeeeeee',
        'f8f735b4-549c-4d8c-9e10-15f8c198b71b',
        '2026-04-12T10:00:00Z',
        '55555555-5555-5555-5555-555555555555'
    ) ON CONFLICT DO NOTHING;
INSERT INTO chat_message (id, session_id, content, role, created_at)
VALUES (
        '10000000-0000-0000-0000-000000000001',
        'aaaaaaaa-aaaa-aaaa-aaaa-aaaaaaaaaaaa',
        'You are a crime analysis assistant. Answer based on the document.',
        'USER',
        '2026-04-10T10:00:00Z'
    ),
    (
        '10000000-0000-0000-0000-000000000002',
        'aaaaaaaa-aaaa-aaaa-aaaa-aaaaaaaaaaaa',
        'Summarize the robbery case.',
        'USER',
        '2026-04-10T10:00:05Z'
    ),
    (
        '10000000-0000-0000-0000-000000000003',
        'aaaaaaaa-aaaa-aaaa-aaaa-aaaaaaaaaaaa',
        'An armed robbery occurred at a jewelry store involving two masked suspects who stole valuables.',
        'MODEL',
        '2026-04-10T10:00:08Z'
    ),
    (
        '10000000-0000-0000-0000-000000000004',
        'aaaaaaaa-aaaa-aaaa-aaaa-aaaaaaaaaaaa',
        'Were there injuries?',
        'USER',
        '2026-04-10T10:00:15Z'
    ),
    (
        '10000000-0000-0000-0000-000000000005',
        'aaaaaaaa-aaaa-aaaa-aaaa-aaaaaaaaaaaa',
        'No injuries were reported.',
        'MODEL',
        '2026-04-10T10:00:18Z'
    ),
    (
        '20000000-0000-0000-0000-000000000001',
        'bbbbbbbb-bbbb-bbbb-bbbb-bbbbbbbbbbbb',
        'You are a cybersecurity assistant. Answer based on the document.',
        'USER',
        '2026-04-11T09:00:00Z'
    ),
    (
        '20000000-0000-0000-0000-000000000002',
        'bbbbbbbb-bbbb-bbbb-bbbb-bbbbbbbbbbbb',
        'What type of attack happened?',
        'USER',
        '2026-04-11T09:00:05Z'
    ),
    (
        '20000000-0000-0000-0000-000000000003',
        'bbbbbbbb-bbbb-bbbb-bbbb-bbbbbbbbbbbb',
        'A ransomware attack encrypted company systems.',
        'MODEL',
        '2026-04-11T09:00:08Z'
    ),
    (
        '20000000-0000-0000-0000-000000000004',
        'bbbbbbbb-bbbb-bbbb-bbbb-bbbbbbbbbbbb',
        'What was affected?',
        'USER',
        '2026-04-11T09:00:15Z'
    ),
    (
        '20000000-0000-0000-0000-000000000005',
        'bbbbbbbb-bbbb-bbbb-bbbb-bbbbbbbbbbbb',
        'Internal databases and services were impacted.',
        'MODEL',
        '2026-04-11T09:00:18Z'
    ),
    (
        '30000000-0000-0000-0000-000000000001',
        'cccccccc-cccc-cccc-cccc-cccccccccccc',
        'You are a crime assistant. Answer based on the document.',
        'USER',
        '2026-04-12T08:00:00Z'
    ),
    (
        '30000000-0000-0000-0000-000000000002',
        'cccccccc-cccc-cccc-cccc-cccccccccccc',
        'What crime was reported?',
        'USER',
        '2026-04-12T08:00:05Z'
    ),
    (
        '30000000-0000-0000-0000-000000000003',
        'cccccccc-cccc-cccc-cccc-cccccccccccc',
        'A burglary targeting a residential property was reported.',
        'MODEL',
        '2026-04-12T08:00:08Z'
    ),
    (
        '30000000-0000-0000-0000-000000000004',
        'cccccccc-cccc-cccc-cccc-cccccccccccc',
        'Was anything stolen?',
        'USER',
        '2026-04-12T08:00:15Z'
    ),
    (
        '30000000-0000-0000-0000-000000000005',
        'cccccccc-cccc-cccc-cccc-cccccccccccc',
        'Electronics and cash were stolen.',
        'MODEL',
        '2026-04-12T08:00:18Z'
    ),
    (
        '40000000-0000-0000-0000-000000000001',
        'dddddddd-dddd-dddd-dddd-dddddddddddd',
        'You are a security assistant. Answer based on the document.',
        'USER',
        '2026-04-12T09:00:00Z'
    ),
    (
        '40000000-0000-0000-0000-000000000002',
        'dddddddd-dddd-dddd-dddd-dddddddddddd',
        'Describe the incident.',
        'USER',
        '2026-04-12T09:00:05Z'
    ),
    (
        '40000000-0000-0000-0000-000000000003',
        'dddddddd-dddd-dddd-dddd-dddddddddddd',
        'A coordinated theft occurred at a warehouse facility.',
        'MODEL',
        '2026-04-12T09:00:08Z'
    ),
    (
        '40000000-0000-0000-0000-000000000004',
        'dddddddd-dddd-dddd-dddd-dddddddddddd',
        'How many suspects?',
        'USER',
        '2026-04-12T09:00:15Z'
    ),
    (
        '40000000-0000-0000-0000-000000000005',
        'dddddddd-dddd-dddd-dddd-dddddddddddd',
        'Three suspects were involved.',
        'MODEL',
        '2026-04-12T09:00:18Z'
    ),
    (
        '50000000-0000-0000-0000-000000000001',
        'eeeeeeee-eeee-eeee-eeee-eeeeeeeeeeee',
        'You are an incident analysis assistant. Answer based on the document.',
        'USER',
        '2026-04-12T10:00:00Z'
    ),
    (
        '50000000-0000-0000-0000-000000000002',
        'eeeeeeee-eeee-eeee-eeee-eeeeeeeeeeee',
        'What happened in the report?',
        'USER',
        '2026-04-12T10:00:05Z'
    ),
    (
        '50000000-0000-0000-0000-000000000003',
        'eeeeeeee-eeee-eeee-eeee-eeeeeeeeeeee',
        'A data breach exposed internal records of the organization.',
        'MODEL',
        '2026-04-12T10:00:08Z'
    ),
    (
        '50000000-0000-0000-0000-000000000004',
        'eeeeeeee-eeee-eeee-eeee-eeeeeeeeeeee',
        'Was sensitive data involved?',
        'USER',
        '2026-04-12T10:00:15Z'
    ),
    (
        '50000000-0000-0000-0000-000000000005',
        'eeeeeeee-eeee-eeee-eeee-eeeeeeeeeeee',
        'Yes, personal and financial data were affected.',
        'MODEL',
        '2026-04-12T10:00:18Z'
    ) ON CONFLICT DO NOTHING;
COMMIT;