BEGIN;
------------------------------------------------
-- Emergency services
------------------------------------------------
INSERT INTO emergency_service (id, username, phone_number, longitude, latitude)
VALUES (
        '6c6ca52f-46b9-472b-8868-86ab2775b187',
        'emgser1',
        '0112345678',
        106.7009,
        10.7769
    ),
    (
        '2c57e800-b4e2-48ba-b43c-b61075530236',
        'emgser2',
        '0212345678',
        106.7031,
        10.7785
    ),
    (
        '168d6df2-21ef-4773-8a38-6fad42d527e9',
        'emgser3',
        '0312345678',
        106.6984,
        10.7752
    ),
    (
        '7ed33501-bcf8-4944-b043-44b328a3a071',
        'emgser4',
        '850963741',
        106.7048,
        10.7798
    ),
    (
        '2077665d-ecaa-44f6-82ee-a721bf7785bd',
        'emgser5',
        '4563217890',
        106.7015,
        10.7746
    );

INSERT INTO emergency_request_status (name)
VALUES ('PENDING'),
('REJECTED'),
('ACCEPTED'),
('CLOSED') ON CONFLICT (name) DO NOTHING;

INSERT INTO emergency_request_status_translation (language_code, value, status_name)
VALUES ('en', 'Pending', 'PENDING'),
    ('vi', 'Đang chờ', 'PENDING'),
    ('en', 'Rejected', 'REJECTED'),
    ('vi', 'Từ chối', 'REJECTED'),
    ('en', 'Accepted', 'ACCEPTED'),
    ('vi', 'Đã chấp nhận', 'ACCEPTED'),
    ('en', 'Closed', 'CLOSED'),
    ('vi', 'Đã đóng', 'CLOSED') ON CONFLICT (language_code, status_name) DO NOTHING;

------------------------------------------------
-- Safe zones
------------------------------------------------
INSERT INTO safe_zone (
        id,
        name,
        longitude,
        latitude,
        radius,
        created_at,
        emergency_service_id
    )
VALUES (
        'a1a11111-1111-1111-1111-111111111111',
        'District1 Safe Point',
        106.7000,
        10.7765,
        200,
        NOW(),
        '6c6ca52f-46b9-472b-8868-86ab2775b187'
    ),
    (
        'a2a22222-2222-2222-2222-222222222222',
        'City Hall Shelter',
        106.7030,
        10.7779,
        150,
        NOW(),
        '2c57e800-b4e2-48ba-b43c-b61075530236'
    ),
    (
        'a3a33333-3333-3333-3333-333333333333',
        'Hospital Safe Area',
        106.6988,
        10.7758,
        250,
        NOW(),
        '168d6df2-21ef-4773-8a38-6fad42d527e9'
    ),
    (
        'a4a44444-4444-4444-4444-444444444444',
        'Central Park Refuge',
        106.7042,
        10.7792,
        180,
        NOW(),
        '7ed33501-bcf8-4944-b043-44b328a3a071'
    ),
    (
        'a5a55555-5555-5555-5555-555555555555',
        'Ben Thanh Shelter',
        106.7012,
        10.7753,
        220,
        NOW(),
        '2077665d-ecaa-44f6-82ee-a721bf7785bd'
    );
------------------------------------------------
-- Users tracked by emergency services
------------------------------------------------
INSERT INTO emergency_service_tracks_user (
        user_id,
        last_longitude,
        last_latitude,
        last_update_time,
        emergency_service_id
    )
VALUES (
        'b1b11111-1111-1111-1111-111111111111',
        106.7003,
        10.7767,
        '2026-03-04 10:00:00+07',
        '6c6ca52f-46b9-472b-8868-86ab2775b187'
    ),
    (
        'b2b22222-2222-2222-2222-222222222222',
        106.7033,
        10.7781,
        '2026-03-04 10:01:00+07',
        '2c57e800-b4e2-48ba-b43c-b61075530236'
    ),
    (
        'b3b33333-3333-3333-3333-333333333333',
        106.6981,
        10.7754,
        '2026-03-04 10:02:00+07',
        '168d6df2-21ef-4773-8a38-6fad42d527e9'
    ),
    (
        'b4b44444-4444-4444-4444-444444444444',
        106.7045,
        10.7795,
        '2026-03-04 10:03:00+07',
        '7ed33501-bcf8-4944-b043-44b328a3a071'
    ),
    (
        'b5b55555-5555-5555-5555-555555555555',
        106.7010,
        10.7748,
        '2026-03-04 10:04:00+07',
        '2077665d-ecaa-44f6-82ee-a721bf7785bd'
    );
------------------------------------------------
-- Emergency requests
------------------------------------------------
INSERT INTO emergency_request (
        id,
        open_at,
        close_at,
        sender_id,
        target_id,
        emergency_service_id,
        status_name,
        longitude,
        latitude
    )
VALUES (
        'c1c11111-1111-1111-1111-111111111111',
        '2026-03-04 09:30:00+07',
        NULL,
        'b1b11111-1111-1111-1111-111111111111',
        'b2b22222-2222-2222-2222-222222222222',
        '6c6ca52f-46b9-472b-8868-86ab2775b187',
        'PENDING',
        106.7004,
        10.7766
    ),
    (
        'c2c22222-2222-2222-2222-222222222222',
        '2026-03-04 09:10:00+07',
        '2026-03-04 09:20:00+07',
        'b2b22222-2222-2222-2222-222222222222',
        'b3b33333-3333-3333-3333-333333333333',
        '2c57e800-b4e2-48ba-b43c-b61075530236',
        'CLOSED',
        106.7035,
        10.7780
    ),
    (
        'c3c33333-3333-3333-3333-333333333333',
        '2026-03-04 09:40:00+07',
        NULL,
        'b3b33333-3333-3333-3333-333333333333',
        'b4b44444-4444-4444-4444-444444444444',
        '168d6df2-21ef-4773-8a38-6fad42d527e9',
        'ACCEPTED',
        106.6980,
        10.7755
    ),
    (
        'c4c44444-4444-4444-4444-444444444444',
        '2026-03-04 08:50:00+07',
        '2026-03-04 09:00:00+07',
        'b4b44444-4444-4444-4444-444444444444',
        'b5b55555-5555-5555-5555-555555555555',
        '7ed33501-bcf8-4944-b043-44b328a3a071',
        'REJECTED',
        106.7044,
        10.7791
    ),
    (
        'c5c55555-5555-5555-5555-555555555555',
        '2026-03-04 09:50:00+07',
        NULL,
        'b5b55555-5555-5555-5555-555555555555',
        'b1b11111-1111-1111-1111-111111111111',
        '2077665d-ecaa-44f6-82ee-a721bf7785bd',
        'PENDING',
        106.7011,
        10.7747
    );
COMMIT;