BEGIN;

------------------------------------------------
-- Emergency Services (20 more)
------------------------------------------------
INSERT INTO emergency_service (id, username, phone_number, longitude, latitude)
VALUES
    ('d0000001-d000-4000-8000-d00000000001', 'emgser6',  '0401234567', 106.7010, 10.7775),
    ('d0000002-d000-4000-8000-d00000000002', 'emgser7',  '0501234567', 106.7025, 10.7760),
    ('d0000003-d000-4000-8000-d00000000003', 'emgser8',  '0601234567', 106.6985, 10.7750),
    ('d0000004-d000-4000-8000-d00000000004', 'emgser9',  '0701234567', 106.7040, 10.7790),
    ('d0000005-d000-4000-8000-d00000000005', 'emgser10', '0801234568', 106.7005, 10.7765),
    ('d0000006-d000-4000-8000-d00000000006', 'emgser11', '0901234568', 106.7055, 10.7805),
    ('d0000007-d000-4000-8000-d00000000007', 'emgser12', '1001234567', 106.6970, 10.7738),
    ('d0000008-d000-4000-8000-d00000000008', 'emgser13', '1101234567', 106.7028, 10.7773),
    ('d0000009-d000-4000-8000-d00000000009', 'emgser14', '1201234567', 106.6995, 10.7755),
    ('d000000a-d000-4000-8000-d0000000000a', 'emgser15', '1301234567', 106.7042, 10.7793),
    ('d000000b-d000-4000-8000-d0000000000b', 'emgser16', '1401234567', 106.7015, 10.7768),
    ('d000000c-d000-4000-8000-d0000000000c', 'emgser17', '1501234567', 106.6978, 10.7742),
    ('d000000d-d000-4000-8000-d0000000000d', 'emgser18', '1601234567', 106.7048, 10.7800),
    ('d000000e-d000-4000-8000-d0000000000e', 'emgser19', '1701234567', 106.7000, 10.7762),
    ('d000000f-d000-4000-8000-d0000000000f', 'emgser20', '1801234567', 106.7033, 10.7782),
    ('d0000010-d000-4000-8000-d00000000010', 'emgser21', '1901234567', 106.6963, 10.7732),
    ('d0000011-d000-4000-8000-d00000000011', 'emgser22', '2001234567', 106.7058, 10.7812),
    ('d0000012-d000-4000-8000-d00000000012', 'emgser23', '2101234567', 106.7020, 10.7770),
    ('d0000013-d000-4000-8000-d00000000013', 'emgser24', '2201234567', 106.6988, 10.7748),
    ('d0000014-d000-4000-8000-d00000000014', 'emgser25', '2301234567', 106.7038, 10.7788);

------------------------------------------------
-- Safe Zones (20 more)
------------------------------------------------
INSERT INTO safe_zone (id, name, longitude, latitude, radius, created_at, emergency_service_id)
VALUES
    ('e0000001-e000-4000-8000-e00000000001', 'Nguyen Hue Walking Street Shelter',  106.7028, 10.7773, 200, NOW(), 'd0000001-d000-4000-8000-d00000000001'),
    ('e0000002-e000-4000-8000-e00000000002', 'District 3 Police Station Zone',     106.6845, 10.7793, 250, NOW(), 'd0000002-d000-4000-8000-d00000000002'),
    ('e0000003-e000-4000-8000-e00000000003', 'Tan Binh Hospital Safe Area',        106.6523, 10.8020, 300, NOW(), 'd0000003-d000-4000-8000-d00000000003'),
    ('e0000004-e000-4000-8000-e00000000004', 'Binh Thanh District Shelter',        106.7138, 10.8013, 180, NOW(), 'd0000004-d000-4000-8000-d00000000004'),
    ('e0000005-e000-4000-8000-e00000000005', 'Thu Duc University Safe Zone',       106.7681, 10.8497, 350, NOW(), 'd0000005-d000-4000-8000-d00000000005'),
    ('e0000006-e000-4000-8000-e00000000006', 'Go Vap District Refuge',             106.6834, 10.8382, 200, NOW(), 'd0000006-d000-4000-8000-d00000000006'),
    ('e0000007-e000-4000-8000-e00000000007', 'Phu Nhuan Fire Station Zone',        106.6768, 10.7991, 150, NOW(), 'd0000007-d000-4000-8000-d00000000007'),
    ('e0000008-e000-4000-8000-e00000000008', 'Tan Phu Community Center',           106.6279, 10.7908, 220, NOW(), 'd0000008-d000-4000-8000-d00000000008'),
    ('e0000009-e000-4000-8000-e00000000009', 'Binh Duong Border Checkpoint',       106.6761, 10.9783, 400, NOW(), 'd0000009-d000-4000-8000-d00000000009'),
    ('e000000a-e000-4000-8000-e0000000000a', 'HCMC Childrens Hospital Zone',       106.6852, 10.7713, 180, NOW(), 'd000000a-d000-4000-8000-d0000000000a'),
    ('e000000b-e000-4000-8000-e0000000000b', 'Saigon Zoo Safe Point',              106.7077, 10.7888, 250, NOW(), 'd000000b-d000-4000-8000-d0000000000b'),
    ('e000000c-e000-4000-8000-e0000000000c', 'Dam Sen Park Shelter',               106.6370, 10.7720, 300, NOW(), 'd000000c-d000-4000-8000-d0000000000c'),
    ('e000000d-e000-4000-8000-e0000000000d', 'Vinhomes Central Park Zone',         106.7218, 10.7919, 200, NOW(), 'd000000d-d000-4000-8000-d0000000000d'),
    ('e000000e-e000-4000-8000-e0000000000e', 'An Phu District Safe Area',          106.7481, 10.7907, 150, NOW(), 'd000000e-d000-4000-8000-d0000000000e'),
    ('e000000f-e000-4000-8000-e0000000000f', 'Landmark 81 Emergency Point',        106.7218, 10.7950, 100, NOW(), 'd000000f-d000-4000-8000-d0000000000f'),
    ('e0000010-e000-4000-8000-e00000000010', 'Tan Son Nhat Airport Refuge',        106.6659, 10.8185, 500, NOW(), 'd0000010-d000-4000-8000-d00000000010'),
    ('e0000011-e000-4000-8000-e00000000011', 'District 7 Phu My Hung Safe Zone',   106.7217, 10.7278, 280, NOW(), 'd0000011-d000-4000-8000-d00000000011'),
    ('e0000012-e000-4000-8000-e00000000012', 'Can Gio Ferry Terminal Shelter',     106.9530, 10.4068, 200, NOW(), 'd0000012-d000-4000-8000-d00000000012'),
    ('e0000013-e000-4000-8000-e00000000013', 'Cu Chi Tunnels Area Safe Zone',      106.4923, 11.0150, 400, NOW(), 'd0000013-d000-4000-8000-d00000000013'),
    ('e0000014-e000-4000-8000-e00000000014', 'Hoc Mon District Shelter',           106.5934, 10.8912, 250, NOW(), 'd0000014-d000-4000-8000-d00000000014');

------------------------------------------------
-- Emergency Service Tracks User (20 more)
------------------------------------------------
INSERT INTO emergency_service_tracks_user (
    user_id, last_longitude, last_latitude, last_update_time, emergency_service_id
)
VALUES
    ('b0000001-b000-4000-8000-b00000000001', 106.7001, 10.7770, '2026-03-05 08:00:00+07', 'd0000001-d000-4000-8000-d00000000001'),
    ('b0000002-b000-4000-8000-b00000000002', 106.7015, 10.7755, '2026-03-05 08:01:00+07', 'd0000002-d000-4000-8000-d00000000002'),
    ('b0000003-b000-4000-8000-b00000000003', 106.7030, 10.7780, '2026-03-05 08:02:00+07', 'd0000003-d000-4000-8000-d00000000003'),
    ('b0000004-b000-4000-8000-b00000000004', 106.6990, 10.7745, '2026-03-05 08:03:00+07', 'd0000004-d000-4000-8000-d00000000004'),
    ('b0000005-b000-4000-8000-b00000000005', 106.7045, 10.7795, '2026-03-05 08:04:00+07', 'd0000005-d000-4000-8000-d00000000005'),
    ('b0000006-b000-4000-8000-b00000000006', 106.7008, 10.7762, '2026-03-05 08:05:00+07', 'd0000006-d000-4000-8000-d00000000006'),
    ('b0000007-b000-4000-8000-b00000000007', 106.6975, 10.7740, '2026-03-05 08:06:00+07', 'd0000007-d000-4000-8000-d00000000007'),
    ('b0000008-b000-4000-8000-b00000000008', 106.7052, 10.7805, '2026-03-05 08:07:00+07', 'd0000008-d000-4000-8000-d00000000008'),
    ('b0000009-b000-4000-8000-b00000000009', 106.7020, 10.7768, '2026-03-05 08:08:00+07', 'd0000009-d000-4000-8000-d00000000009'),
    ('b000000a-b000-4000-8000-b0000000000a', 106.6983, 10.7752, '2026-03-05 08:09:00+07', 'd000000a-d000-4000-8000-d0000000000a'),
    ('b000000b-b000-4000-8000-b0000000000b', 106.7035, 10.7782, '2026-03-05 08:10:00+07', 'd000000b-d000-4000-8000-d0000000000b'),
    ('b000000c-b000-4000-8000-b0000000000c', 106.7000, 10.7765, '2026-03-05 08:11:00+07', 'd000000c-d000-4000-8000-d0000000000c'),
    ('b000000d-b000-4000-8000-b0000000000d', 106.7058, 10.7810, '2026-03-05 08:12:00+07', 'd000000d-d000-4000-8000-d0000000000d'),
    ('b000000e-b000-4000-8000-b0000000000e', 106.6965, 10.7735, '2026-03-05 08:13:00+07', 'd000000e-d000-4000-8000-d0000000000e'),
    ('b000000f-b000-4000-8000-b0000000000f', 106.7025, 10.7773, '2026-03-05 08:14:00+07', 'd000000f-d000-4000-8000-d0000000000f'),
    ('b0000010-b000-4000-8000-b00000000010', 106.6995, 10.7750, '2026-03-05 08:15:00+07', 'd0000010-d000-4000-8000-d00000000010'),
    ('b0000011-b000-4000-8000-b00000000011', 106.7040, 10.7790, '2026-03-05 08:16:00+07', 'd0000011-d000-4000-8000-d00000000011'),
    ('b0000012-b000-4000-8000-b00000000012', 106.7012, 10.7760, '2026-03-05 08:17:00+07', 'd0000012-d000-4000-8000-d00000000012'),
    ('b0000013-b000-4000-8000-b00000000013', 106.6978, 10.7743, '2026-03-05 08:18:00+07', 'd0000013-d000-4000-8000-d00000000013'),
    ('b0000014-b000-4000-8000-b00000000014', 106.7048, 10.7800, '2026-03-05 08:19:00+07', 'd0000014-d000-4000-8000-d00000000014');

------------------------------------------------
-- Emergency Requests (20 more)
------------------------------------------------
INSERT INTO emergency_request (
    id, open_at, close_at, sender_id, target_id,
    emergency_service_id, status_name, longitude, latitude
)
VALUES
    ('f7000001-f700-4000-8000-f70000000001', '2026-03-05 08:30:00+07', NULL,                     'b0000001-b000-4000-8000-b00000000001', 'b0000002-b000-4000-8000-b00000000002', 'd0000001-d000-4000-8000-d00000000001', 'PENDING',  106.7001, 10.7770),
    ('f7000002-f700-4000-8000-f70000000002', '2026-03-05 09:00:00+07', '2026-03-05 09:15:00+07', 'b0000002-b000-4000-8000-b00000000002', 'b0000003-b000-4000-8000-b00000000003', 'd0000002-d000-4000-8000-d00000000002', 'CLOSED',   106.7015, 10.7755),
    ('f7000003-f700-4000-8000-f70000000003', '2026-03-05 09:10:00+07', NULL,                     'b0000003-b000-4000-8000-b00000000003', 'b0000004-b000-4000-8000-b00000000004', 'd0000003-d000-4000-8000-d00000000003', 'ACCEPTED', 106.7030, 10.7780),
    ('f7000004-f700-4000-8000-f70000000004', '2026-03-05 09:20:00+07', '2026-03-05 09:35:00+07', 'b0000004-b000-4000-8000-b00000000004', 'b0000005-b000-4000-8000-b00000000005', 'd0000004-d000-4000-8000-d00000000004', 'REJECTED', 106.6990, 10.7745),
    ('f7000005-f700-4000-8000-f70000000005', '2026-03-05 09:30:00+07', NULL,                     'b0000005-b000-4000-8000-b00000000005', 'b0000006-b000-4000-8000-b00000000006', 'd0000005-d000-4000-8000-d00000000005', 'PENDING',  106.7045, 10.7795),
    ('f7000006-f700-4000-8000-f70000000006', '2026-03-05 09:40:00+07', '2026-03-05 09:55:00+07', 'b0000006-b000-4000-8000-b00000000006', 'b0000007-b000-4000-8000-b00000000007', 'd0000006-d000-4000-8000-d00000000006', 'CLOSED',   106.7008, 10.7762),
    ('f7000007-f700-4000-8000-f70000000007', '2026-03-05 10:00:00+07', NULL,                     'b0000007-b000-4000-8000-b00000000007', 'b0000008-b000-4000-8000-b00000000008', 'd0000007-d000-4000-8000-d00000000007', 'ACCEPTED', 106.6975, 10.7740),
    ('f7000008-f700-4000-8000-f70000000008', '2026-03-05 10:10:00+07', '2026-03-05 10:25:00+07', 'b0000008-b000-4000-8000-b00000000008', 'b0000009-b000-4000-8000-b00000000009', 'd0000008-d000-4000-8000-d00000000008', 'REJECTED', 106.7052, 10.7805),
    ('f7000009-f700-4000-8000-f70000000009', '2026-03-05 10:20:00+07', NULL,                     'b0000009-b000-4000-8000-b00000000009', 'b000000a-b000-4000-8000-b0000000000a', 'd0000009-d000-4000-8000-d00000000009', 'PENDING',  106.7020, 10.7768),
    ('f700000a-f700-4000-8000-f7000000000a', '2026-03-05 10:30:00+07', '2026-03-05 10:45:00+07', 'b000000a-b000-4000-8000-b0000000000a', 'b000000b-b000-4000-8000-b0000000000b', 'd000000a-d000-4000-8000-d0000000000a', 'CLOSED',   106.6983, 10.7752),
    ('f700000b-f700-4000-8000-f7000000000b', '2026-03-05 10:40:00+07', NULL,                     'b000000b-b000-4000-8000-b0000000000b', 'b000000c-b000-4000-8000-b0000000000c', 'd000000b-d000-4000-8000-d0000000000b', 'ACCEPTED', 106.7035, 10.7782),
    ('f700000c-f700-4000-8000-f7000000000c', '2026-03-05 10:50:00+07', '2026-03-05 11:05:00+07', 'b000000c-b000-4000-8000-b0000000000c', 'b000000d-b000-4000-8000-b0000000000d', 'd000000c-d000-4000-8000-d0000000000c', 'REJECTED', 106.7000, 10.7765),
    ('f700000d-f700-4000-8000-f7000000000d', '2026-03-05 11:00:00+07', NULL,                     'b000000d-b000-4000-8000-b0000000000d', 'b000000e-b000-4000-8000-b0000000000e', 'd000000d-d000-4000-8000-d0000000000d', 'PENDING',  106.7058, 10.7810),
    ('f700000e-f700-4000-8000-f7000000000e', '2026-03-05 11:10:00+07', '2026-03-05 11:25:00+07', 'b000000e-b000-4000-8000-b0000000000e', 'b000000f-b000-4000-8000-b0000000000f', 'd000000e-d000-4000-8000-d0000000000e', 'CLOSED',   106.6965, 10.7735),
    ('f700000f-f700-4000-8000-f7000000000f', '2026-03-05 11:20:00+07', NULL,                     'b000000f-b000-4000-8000-b0000000000f', 'b0000010-b000-4000-8000-b00000000010', 'd000000f-d000-4000-8000-d0000000000f', 'ACCEPTED', 106.7025, 10.7773),
    ('f7000010-f700-4000-8000-f70000000010', '2026-03-05 11:30:00+07', '2026-03-05 11:45:00+07', 'b0000010-b000-4000-8000-b00000000010', 'b0000011-b000-4000-8000-b00000000011', 'd0000010-d000-4000-8000-d00000000010', 'REJECTED', 106.6995, 10.7750),
    ('f7000011-f700-4000-8000-f70000000011', '2026-03-05 11:40:00+07', NULL,                     'b0000011-b000-4000-8000-b00000000011', 'b0000012-b000-4000-8000-b00000000012', 'd0000011-d000-4000-8000-d00000000011', 'PENDING',  106.7040, 10.7790),
    ('f7000012-f700-4000-8000-f70000000012', '2026-03-05 11:50:00+07', '2026-03-05 12:05:00+07', 'b0000012-b000-4000-8000-b00000000012', 'b0000013-b000-4000-8000-b00000000013', 'd0000012-d000-4000-8000-d00000000012', 'CLOSED',   106.7012, 10.7760),
    ('f7000013-f700-4000-8000-f70000000013', '2026-03-05 12:00:00+07', NULL,                     'b0000013-b000-4000-8000-b00000000013', 'b0000014-b000-4000-8000-b00000000014', 'd0000013-d000-4000-8000-d00000000013', 'ACCEPTED', 106.6978, 10.7743),
    ('f7000014-f700-4000-8000-f70000000014', '2026-03-05 12:10:00+07', '2026-03-05 12:25:00+07', 'b0000014-b000-4000-8000-b00000000014', 'b0000001-b000-4000-8000-b00000000001', 'd0000014-d000-4000-8000-d00000000014', 'REJECTED', 106.7048, 10.7800);

COMMIT;
